"LOC_ID","land_cover","temp","temp_seas","land_temp","precip","precip_seas","water_dist","WDPA","closed_prop","open_prop","other_prop","ID.x","hum_pop","log_hum_pop","ID.y","slope","rough_range","ID","clay"
"KLKE_01",11,18.1333332061768,65.5859451293945,33.7190361022949,786,68.0780563354492,3394.31127929688,6,0.117065127782358,0.873295706766441,0.00963916545120173,1,1676,7.42476176182321,1,3.64911796285607,4.92702762395117,1,23.7758620689655
"KLKE_02",11,17.7625007629395,64.4248962402344,33.9889984130859,780,68.3117828369141,2452.53198242188,6,0,0.999365743823931,0.000634256176069514,2,1493,7.30921236569276,2,6.35799790171823,8.57011794932697,2,24.0877192982456
"KLKE_04",11,17.658332824707,62.7706184387207,33.7944412231445,762,66.2820587158203,796.854064941406,6,0.0136660536495656,0.979707020102733,0.00662692624770119,3,1262,7.14124512235049,3,3.82819835246647,5.1500810093257,3,24.7241379310345
"KLKE_05",11,17.5666675567627,64.0785522460938,33.8842124938965,773,66.7012252807617,1915.97424316406,6,0.0215626585489599,0.973712582445459,0.00472475900558092,4,1189,7.08170858610557,4,5.40206107722465,7.25931570870536,4,24.5689655172414
"KLKE_06",11,17.9500007629395,65.7128753662109,33.4051856994629,776,66.9305725097656,851.040466308594,6,0.0517903016079414,0.931686276997241,0.0165234213948178,5,1426,7.26332961747684,5,3.13918680775911,4.26403951449587,5,26.3965517241379
"KLKE_07",11,17.1041660308838,64.858528137207,32.5089149475098,785,66.9245681762695,1165.8671875,6,0.0442337571741129,0.949107397659892,0.0066588451659955,6,584,6.37161184723186,6,6.72717913691293,9.17437822711335,6,24.7413793103448
"KLKE_08",11,17.8500003814697,65.4008636474609,33.1792640686035,795,67.4072189331055,2431.71069335938,4,0.0095769645462041,0.989566816769202,0.000856218684594406,7,613,6.41999492814714,7,2.80170813185306,3.71189437488628,7,31.2631578947368
"KLKE_09",11,16.8041667938232,63.4413909912109,31.9763317108154,796,66.9570770263672,4824.7626953125,6,0.295167734161963,0.693227217959287,0.0116050478787494,8,589,6.38012253689976,8,8.90844190978865,12.1443874679993,8,29.5087719298246
"KLKE_10",11,17.3791675567627,67.3680038452148,31.8573207855225,756,60.9757308959961,1058.83435058594,4,0.0494371333439036,0.939083557951482,0.0114793087046139,9,608,6.4118182677099,9,4.46751245593463,6.04177651569569,9,28.4561403508772
"KLKE_11",11,17.3250007629395,64.2969055175781,31.429141998291,777,63.8919067382812,5352.87890625,4,0.00504233659975264,0.993276884533663,0.00168077886658421,10,463,6.13988455222626,10,6.11052778403034,8.28563129599607,10,29.7931034482759
"KLKE_12",11,16.9791660308838,64.1538696289062,32.3226089477539,781,62.4240684509277,4021.7578125,6,0,1,0,11,541,6.29526600143965,11,6.19074300254543,8.58644787219972,11,28.6379310344828
"KLKE_13",11,17.158332824707,66.70263671875,31.4249038696289,861,73.4851913452148,302.942138671875,4,0.167184626117841,0.816325236252933,0.0164901376292256,12,1215,7.10332206252611,12,3.45081244610483,4.57722948535042,12,35.8620689655172
"KLKE_14",11,17.1458339691162,66.1423492431641,31.5330219268799,765,61.1839828491211,2624.50122070312,4,0.00561352319939108,0.992325013478799,0.00206146332181028,13,378,5.93753620508243,13,6.14658583592985,8.33448896552746,13,27.8275862068966
"KLKE_15",11,19.9458332061768,72.5652542114258,34.5641212463379,1061,95.2350006103516,5042.2080078125,4,0,1,0,14,2850,7.95542508891267,14,11.0364083552674,15.3126636276802,14,36.6379310344828
"KLKE_16",11,17.1375007629395,67.6261367797852,32.6218109130859,862,70.4020233154297,498.033782958984,4,0.00529553526128869,0.978151953323186,0.0165525114155251,15,1465,7.2902928824466,15,3.34114008245669,4.49531649541688,15,38.7413793103448
"KLKE_17",11,16.7875003814697,63.5726051330566,30.2964115142822,761,60.8175811767578,3765.67553710938,4,0.108000126835146,0.879030979484415,0.0129688936804388,16,550,6.31173480915291,16,8.88552886529654,12.0665597924013,16,30.6607142857143
"KLKE_18",11,19.158332824707,72.9206771850586,33.938102722168,1053,92.1581268310547,3480.896484375,4,0.00288687266036419,0.996066239451811,0.00104688788782438,17,4496,8.41116578677071,17,9.28704865354388,13.0469136330066,17,36.9107142857143
"KLKE_19",11,16.9500007629395,63.924690246582,31.9722938537598,847,72.2347259521484,2271.92944335938,4,0.11663231330268,0.873188520691295,0.0101791660060251,18,3784,8.23880116587155,18,8.50463627263895,11.9455997892381,18,37.8620689655172
"KLKE_20",11,18.966667175293,73.8959197998047,34.7010345458984,1131,95.2961273193359,5437.470703125,4,0,1,0,19,7150,8.8750074860484,19,5.72278581016364,7.79890589675102,19,47
"KLKE_21",11,18.4624996185303,70.9072570800781,33.5486106872559,996,86.9781188964844,2918.07006835938,4,0.031266846361186,0.960520057079436,0.00821309655937847,20,4112,8.32190796823042,20,8.05976992085563,10.8675947453699,20,32.4363636363636
"KLKE_22",11,16.7625007629395,68.0950241088867,31.384952545166,836,62.3060455322266,199.213516235352,4,0.00171238306643412,0.979007452037419,0.0192801648961471,21,797,6.68210859744981,21,4.21383375278715,5.52240918566297,21,35.3620689655172
"KLKE_23",11,19.3166675567627,75.7787933349609,34.9292831420898,1176,97.6578750610352,9403.34765625,4,0,1,0,22,15236,9.63148195946935,22,7.07968092760034,9.74831807501962,22,41.1929824561403
"KLKE_24",11,16.8291664123535,68.0393829345703,29.2465152740479,752,59.6833572387695,3905.0419921875,4,0.0514495971579014,0.936560299435387,0.0119901034067119,23,448,6.10702288774225,23,4.05015080818475,5.4996658846749,23,28.859649122807
"KLKE_25",11,16.6499996185303,68.4570236206055,30.1053009033203,813,60.889476776123,348.623657226562,4,0.0830822895195814,0.891771048041858,0.0251466624385603,24,800,6.68586094706836,24,4.01525434688023,5.40548308231491,24,33.3148148148148
"KLKE_26",11,16.7958335876465,69.5262756347656,30.5370330810547,764,59.8527641296387,2032.8076171875,4,0.137442111273235,0.839053479667576,0.0235044090591892,25,356,5.87773578177964,25,5.77559141152351,8.1104036748044,25,29.1034482758621
"KLKE_27",5,16.9333343505859,67.8009490966797,31.8780097961426,873,67.3343276977539,498.033782958984,4,0.101826599860468,0.842804591869094,0.0553688082704383,26,3365,8.12148037475075,26,3.48220060106171,4.68100807883523,26,38.0526315789474
"KLKE_28",11,18.9125003814697,74.9279861450195,34.7223320007324,1137,95.459358215332,4571.34228515625,4,0.00142680490820888,0.997621991819652,0.000951203272139256,27,9499,9.15904707758863,27,4.39597416041941,5.98084190889749,27,43.9655172413793
"KLKE_29",11,18.4458332061768,72.5965957641602,34.0299072265625,1058,89.6301574707031,1942.33178710938,4,0.307458143074581,0.661593099949264,0.0309487569761542,28,5293,8.57432938278705,28,2.42056238048378,3.16800324038602,28,40.2413793103448
"KLKE_30",11,17.9541664123535,70.9179458618164,32.6867485046387,998,82.8929443359375,914.268493652344,4,0.0527333840690005,0.940385591070523,0.00688102486047691,29,4680,8.45126704130007,29,7.11085051398001,9.55459908458674,29,32.5344827586207
"KLKE_31",11,17.2083339691162,68.8157653808594,31.2820835113525,914,73.3815536499023,538.705932617188,4,0.0559642336229311,0.877481133870252,0.0665546325068172,30,4979,8.5131851700187,30,8.12615288337406,11.0212915516931,30,33.3272727272727
"KLKE_32",11,18.6375007629395,75.1400375366211,34.3886375427246,1114,93.1035690307617,1693.31481933594,4,0.0502013763359021,0.933878793644753,0.0159198300193448,31,7962,8.98256109225744,31,3.90397039887175,5.30689082458942,31,45.2068965517241
"KLKE_33",11,19.341667175293,79.1670761108398,34.4356803894043,1215,99.1646194458008,11205.759765625,4,0,0.982496194824962,0.0175038051750381,32,20429,9.92475968781167,32,2.64726360990553,3.46271651887546,32,42.7413793103448
"KLKE_34",11,15.9958333969116,63.2620086669922,26.3739814758301,698,52.7615089416504,1555.90734863281,4,0.138123474014649,0.842946380442021,0.0189301455433301,33,557,6.32435896238131,33,11.3967669578699,15.5934053790041,33,35.4655172413793
"KLKE_35",11,16.9500007629395,71.5732345581055,29.5859680175781,811,63.1151657104492,1249.06237792969,4,0.00593029524624996,0.990676434211778,0.0033932705419719,34,567,6.34212141872115,34,2.70294309273639,3.50369851631031,34,32.9649122807018
"KLKE_36",11,16.2291660308838,66.9958724975586,29.3815460205078,777,57.678581237793,2184.546875,4,0.157582675417737,0.814451948381369,0.0279653762008941,35,1158,7.05531284333975,35,11.1192643020421,15.453864177743,35,32.9827586206897
"KLKE_37",11,16.3791675567627,67.9725341796875,31.088586807251,819,59.7083396911621,1093.408203125,4,0.00596144089294774,0.991977422628108,0.0020611364789447,36,1629,7.39633529380081,36,4.91519179961088,6.56636616508548,36,32.1454545454545
"KLKE_38",11,16.6708335876465,63.7986373901367,29.0694103240967,713,55.340747833252,2187.95043945312,4,0.0149391017508247,0.982872367419437,0.00218853082973865,37,1186,7.07918439460967,37,9.62528240609757,12.8983576505655,37,32.3103448275862
"KLKE_39",11,18.8541660308838,76.5583114624023,33.6666221618652,1208,96.4530334472656,7938.1337890625,4,0.102546215556331,0.881884770269842,0.0155690141738276,38,15082,9.62132356076825,38,4.67786175542148,6.35581829227202,38,35.4642857142857
"KLKE_40",11,16.5083332061768,67.5154342651367,30.492561340332,850,63.6115646362305,2160.5712890625,4,0.0423379424077128,0.942534568057846,0.0151274895344412,39,4103,8.31971738685061,39,4.44328967870935,6.05561223515693,39,36.625
"KLKE_41",11,18.1666660308838,71.774055480957,33.6787910461426,1065,88.1691284179688,2361.85668945312,4,0.0379273165472189,0.898997907020993,0.0630747764317879,40,8552,9.05403737758078,40,3.09433474306807,4.12545130322551,40,38.5689655172414
"KLKE_42",2,16.6875,65.6826095581055,30.3763427734375,890,69.4345855712891,1256.98046875,4,0.756103747859725,0.226774050351956,0.0171222017883189,41,6435,8.76966250811227,41,12.3213497543114,16.8766658253264,41,36.3684210526316
"KLKE_43",2,15.6291666030884,58.7544288635254,25.1736946105957,683,50.2500152587891,1942.33178710938,4,0.439596677024542,0.551556852051493,0.00884647092396474,42,1832,7.5137092478397,42,12.5226993138872,17.239727209551,42,36.4827586206897
"KLKE_44",11,15.7541666030884,64.4366683959961,24.9284534454346,744,52.0629653930664,3495.11865234375,4,0.209004438807863,0.778281547241598,0.012714013950539,43,929,6.8351845861473,43,10.3126547796524,14.3566070030629,43,35.7142857142857
"KLKE_45",11,18.7333335876465,77.5280990600586,33.0328063964844,1201,94.8928527832031,7261.05224609375,4,0.193776565374611,0.780213157393897,0.0260102772314915,44,16009,9.68096880599076,44,2.58996330404507,3.43028016847985,44,34.0344827586207
"KLKE_46",11,17.404167175293,68.4390258789062,31.4260406494141,1006,79.6494293212891,2014.42211914062,4,0.349622629542716,0.569797678696011,0.0805796917612735,45,8698,9.07096335550754,45,11.2506662556355,15.5467830815186,45,32.7241379310345
"KLKE_47",11,18.341667175293,75.7337799072266,33.3388748168945,1166,92.2427978515625,4521.4228515625,4,0.163653663177926,0.681319378369806,0.155026958452268,46,16027,9.68209247175604,46,3.92298709278242,5.18816335905603,46,36.9473684210526
"KLKE_48",11,16.5458335876465,72.7217102050781,28.3529205322266,820,59.6467475891113,1596.81774902344,4,3.17128088034757e-05,0.999841435955983,0.000126851235213903,47,1441,7.27378631784489,47,5.22422861596907,7.24179110997473,47,33.7586206896552
"KLKE_49",11,18.6666660308838,78.5184631347656,34.0736198425293,1246,95.8003845214844,8999.541015625,4,0.100171232876712,0.87398528665652,0.0258434804667681,48,20663,9.93614833477568,48,2.43005246876927,3.19425825315101,48,37.1896551724138
"KLKE_50",11,15.4250001907349,61.7362480163574,23.2186489105225,727,50.0802917480469,3451.19799804688,4,0.25770645693264,0.728973740961563,0.0133198021057973,49,2410,7.78779687818117,49,9.19172601703202,12.7489774782593,49,35.6551724137931
"KLKE_51",11,16.091667175293,68.6504135131836,24.144287109375,794,53.8786315917969,398.427032470703,4,0.289053085558445,0.675397983129321,0.0355489313122344,50,5006,8.51859221232995,50,4.36442804770154,5.97364884806767,50,35.9821428571429
"KLKE_52",2,17.341667175293,73.2006378173828,31.3962726593018,1087,83.6680221557617,1779.73059082031,4,0.441071994925468,0.546622264509991,0.0123057405645417,51,13650,9.52156805800298,51,8.08701897702992,10.9113281392315,51,34.8070175438597
"KLKE_53",2,16.8500003814697,64.8424758911133,27.9782028198242,767,58.079517364502,1464.76135253906,NA,0.134092206227408,0.84349039254233,0.0224174012302619,52,4635,8.44160720445964,52,2.73599572337662,3.65265099235397,52,35.8392857142857
"KLKE_54",11,17.533332824707,77.4401016235352,31.3749198913574,1161,87.2815551757812,5148.0888671875,4,0.0148714208707233,0.970193740685544,0.0149348384437328,53,17410,9.7648574693666,53,5.81284656576131,7.83714808699756,53,32.5172413793103
"KLKE_55",11,17.8833332061768,79.8957595825195,32.2653198242188,1229,91.3528823852539,5815.91748046875,4,0.00310746107746457,0.989282430161398,0.00761010876113771,54,21984,9.99811568161491,54,3.91750417169977,5.05511732855586,54,33.6
"KLKE_56",11,16.0249996185303,67.7394790649414,26.6291923522949,791,54.0259284973145,1494.93115234375,4,0.0779208423189141,0.913801852086769,0.00827730559431688,55,5840,8.67265729404031,55,7.71719257078983,10.5324025691984,55,36.0545454545455
"KLKE_57",2,15.8583335876465,62.2616806030273,23.4844856262207,731,51.2745056152344,249.016891479492,4,0.467431978182279,0.516775543857424,0.0157924779602968,56,6951,8.84678466694523,56,10.4917686345925,14.2842389940693,56,36.9655172413793
"KLKE_58",11,16.158332824707,68.6834869384766,25.7722339630127,796,56.5787658691406,2127.60131835938,4,0,1,0,57,12953,9.46915989974286,57,5.41518665107482,7.42685416695121,57,34.3620689655172
"KLKE_59",2,16.4125003814697,65.6479873657227,26.7927322387695,776,56.4454879760742,1450.29626464844,4,0.280558198541072,0.700412305740565,0.0190294957183635,58,10544,9.26340709291287,58,4.03040578541588,5.46824274113274,58,35.5344827586207
"KLKE_60",11,15.8958330154419,68.4722442626953,26.7385520935059,800,55.6473846435547,334.091217041016,4,0.0209277990931287,0.975298855312807,0.00377334559406412,59,30623,10.3295392942527,59,6.83843795736746,9.37700873124909,59,36
"KLKE_61",11,18.4500007629395,74.6202697753906,34.484260559082,1121,91.2941284179688,1877.39587402344,4,0.126748501284613,0.851524090462144,0.0217274082532433,60,11059,9.31109027507633,60,4.06361267743359,5.38100551752115,60,42.2758620689655
"OMC01",11,19.5874996185303,79.2901611328125,33.4479446411133,969,45.6001625061035,7229.728515625,6,0,0.999746313619787,0.000253686380212462,61,12200,9.40927319457533,61,3.33308561752335,4.38173211168287,61,29.1929824561403
"OMC02",5,19.4249992370605,80.0142135620117,33.4734497070312,965,45.1605491638184,7990.455078125,6,6.34296406710856e-05,0.962735086105737,0.0372014842535917,62,12823,9.45907369428939,62,3.94200161696702,5.2213590879939,62,30.4
"OMC03",11,19.8624992370605,78.6570510864258,33.0987358093262,991,44.0165023803711,6308.537109375,6,0.00114148011922126,0.998129240915721,0.000729278965058025,63,7489,8.92132407651127,63,3.27273209373543,4.21031248576439,63,27.5689655172414
"OMC04",11,19.6166667938232,80.4626770019531,32.8419570922852,992,44.0519599914551,7638.7734375,6,0,0.998002536461636,0.00199746353836398,64,8900,9.09391890895893,64,3.33430372111205,4.40309642185675,64,28.4310344827586
"OMC05",11,19.2291660308838,80.1549072265625,32.869083404541,985,45.7845764160156,10068.1689453125,6,0,1,0,65,10369,9.24667230122357,65,4.42598773674345,5.85705822572455,65,29.0689655172414
"OMC06",11,19.529167175293,80.8325500488281,32.6008567810059,980,45.4272499084473,9310.9677734375,6,0.000570758157085328,0.998921901258839,0.000507340584075847,66,10509,9.260082463871,66,3.5480342249263,4.63180710199311,66,29.5614035087719
"OMC07",11,19.1041660308838,79.3283767700195,33.1857452392578,977,46.4180564880371,10746.572265625,6,0,1,0,67,9574,9.16691081404885,67,3.30387175191365,4.25978607694378,67,29.1896551724138
"OMC09",11,19.8208332061768,79.4429092407227,32.9325180053711,1023,42.7833786010742,8001.1572265625,6,0.003520010147777,0.995528635758229,0.000951354093993785,68,6773,8.82084703337772,68,3.49141334726722,4.55574267378477,68,28.2142857142857
"OMC10",11,19.6875,79.8898391723633,32.6328926086426,988,43.7729682922363,8874.7890625,6,0,1,0,69,7689,8.94767606249969,69,3.70445716256536,4.79258708441967,69,27.1551724137931
"OMC11",11,19.408332824707,79.9384460449219,32.2866706848145,990,44.7214317321777,10349.1611328125,6,0,1,0,70,8600,9.05963375455148,70,4.29549214353787,5.75715955914527,70,29.25
"OMC12",11,19.2416667938232,80.1938781738281,32.5880737304688,987,45.2070960998535,11847.029296875,6,0,1,0,71,8898,9.09369418985686,71,4.91619810062211,6.72138857478984,71,29.140350877193
"OMC13",11,19.0750007629395,79.7011413574219,32.9888496398926,982,46.0160713195801,12473.5341796875,6,0,1,0,72,8873,9.09088093193886,72,2.91278832517327,3.79020120550044,72,29.2068965517241
"OMC15",11,19.6958332061768,77.5903625488281,33.0746116638184,1059,42.311164855957,9650.681640625,6,0.0458206494165398,0.947393455098935,0.00678589548452562,73,6461,8.77369414638444,73,3.49366571039491,4.5930492259838,73,26.2586206896552
"OMC16",11,19.6375007629395,79.290168762207,32.9766616821289,991,43.758544921875,10749.802734375,6,0.00304500903987059,0.993592793478606,0.00336219748152377,74,7919,8.97714648480847,74,3.28247138306915,4.25593759688685,74,27.6071428571429
"OMC17",11,19.5208339691162,79.3570251464844,32.5553436279297,986,44.2500228881836,11833.517578125,6,0,1,0,75,8507,9.04876217632013,75,3.38533446817876,4.37051594577286,75,28.5087719298246
"OMC18",11,19.0791664123535,80.0130157470703,32.2940521240234,993,44.5577659606934,12938.337890625,6,0,1,0,76,9220,9.12923877053914,76,4.25349503610454,5.72987830430234,76,30.4137931034483
"OMC19",11,19.0166664123535,79.5536804199219,32.6699829101562,989,44.8796615600586,12538.1923828125,6,0.00830796549974632,0.98947234906139,0.00221968543886352,77,9561,9.16555218918605,77,2.89326733066495,3.70676948215069,77,31.448275862069
"OMC21",11,19.5833339691162,77.6159973144531,33.4180068969727,1047,42.3518981933594,11392.896484375,6,0,1,0,78,7383,8.90707077618269,78,3.32971899186853,4.31390779688867,78,25.7413793103448
"OMC22",11,19.4833335876465,79.6107940673828,33.5754203796387,1049,41.9886817932129,12431.705078125,6,0,1,0,79,8877,9.09133158539398,79,3.54860384718016,4.56825198019633,79,26.3508771929825
"OMC23",11,19.3541660308838,80.2399444580078,32.968864440918,1031,43.781810760498,11472.626953125,6,0,0.999936580416033,6.34195839675292e-05,80,9903,9.20069399492438,80,4.33689066607019,5.72778890068918,80,27.9818181818182
"OMC24",11,18.9791660308838,80.3248748779297,32.1799507141113,1009,45.1221466064453,11055.5654296875,6,0.00117382062751816,0.996764062053869,0.00206211731861299,81,10607,9.26936371242564,81,4.04537177923662,5.38621764174693,81,30.5172413793103
"OMC25",11,19.0166664123535,79.1814270019531,32.2814140319824,987,45.2708854675293,10704.3662109375,6,0.00336091822822537,0.995656171723897,0.000982910047877231,82,10658,9.27415988468914,82,2.81245436100884,3.61638565999872,82,31.3620689655172
"OMC26",11,18.9750003814697,79.5584411621094,32.4340858459473,982,45.9382667541504,10224.2587890625,6,9.51354093993784e-05,0.985666264983827,0.0142385996067736,83,11812,9.37695589894852,83,3.28722362147514,4.23980369156013,83,29.6896551724138
"OMC27",11,19.3624992370605,79.8898468017578,33.3959579467773,1036,42.2222175598145,10866.384765625,6,0,1,0,84,9835,9.19380440333608,84,3.60132402738203,4.61828837688302,84,27.719298245614
"OMC28",11,19.1916675567627,78.8218078613281,32.7680130004883,1023,43.6066627502441,9754.599609375,6,6.34195839675292e-05,0.999651192288179,0.000285388127853881,85,10614,9.27002337413736,85,5.61476388292574,7.51540668399612,85,29.051724137931
"OMC29",11,19.095832824707,79.2423782348633,31.9202728271484,998,44.4404182434082,8914.943359375,6,0.000475677046996892,0.991723219382254,0.00780110357074903,86,11912,9.38538551979936,86,4.51455844595474,6.03537660329456,86,31.8214285714286
"OMC30",11,18.9833335876465,79.4107208251953,32.0964813232422,1000,45.097095489502,8178.8310546875,6,0.00114151631417066,0.99819259916923,0.00066588451659955,87,12851,9.46125472023575,87,2.87264146340356,3.70395273363388,87,30.7758620689655
"OMC31",11,18.9208335876465,79.2710800170898,32.3368110656738,987,45.5827407836914,8437.962890625,6,0,0.960588477757697,0.0394115222423032,88,13557,9.51473205799091,88,3.05581050799933,3.9038793916808,88,31.7678571428571
"OMC32",11,19.0208339691162,77.8827285766602,32.7399940490723,1035,44.2847862243652,7902.4326171875,6,0,1,0,89,13155,9.48463320730895,89,3.69401443050281,4.74003957513123,89,29.6842105263158
"OMC33",11,19.0041656494141,78.4931411743164,32.7138023376465,1016,45.6769638061523,6839.0390625,6,0.00431253170979198,0.99435565702689,0.00133181126331811,90,13873,9.53777186394525,90,3.07015036743214,4.00278048253811,90,31.25
"OMC34",11,18.8958339691162,79.0701293945312,32.812328338623,1017,45.0594482421875,6309.9130859375,6,0.0050424965114804,0.99216668780921,0.00279081567930991,91,15334,9.63789307654835,91,2.99603790316834,3.83477943540663,91,31.1724137931034
"OMC36",11,18.9750003814697,77.7671279907227,32.7637939453125,1039,43.6852149963379,6498.52978515625,6,0.000190270818798757,0.999524322953003,0.000285406228198135,92,13345,9.49897199346355,92,3.40672862329387,4.33396308035389,92,28.8571428571429
"OMC37",11,18.9541664123535,78.0867309570312,32.8017692565918,1026,44.8949661254883,5529.072265625,6,0,1,0,93,14740,9.59838800604728,93,3.41715116752393,4.40820547524522,93,28.7586206896552
"OMC38",11,18.8791675567627,79.0126266479492,32.8411827087402,1014,45.1399192810059,4426.9013671875,6,0.000761252259967647,0.996986709804295,0.00225203793573762,94,16794,9.72883650204639,94,3.06679381882629,3.98455249856463,94,31.0535714285714
"NB49",11,18.4166660308838,83.7022323608398,31.7263603210449,913,50.6609535217285,5305.404296875,NA,0.0263224660662184,0.953444120258785,0.0202334136749968,95,9852,9.19553125632248,95,2.88074268160111,3.72170184324391,95,26.6545454545455
"NB47",11,18.5750007629395,86.1948089599609,32.7502593994141,895,51.4874038696289,7823.09521484375,6,0.0295218163368848,0.963343480466768,0.00713470319634703,96,8914,9.09549053029724,96,2.97392267421588,3.86263812525106,96,27.8771929824561
"NB46",11,18.5708332061768,84.3816528320312,32.8725700378418,905,50.5423622131348,6536.39697265625,6,0,1,0,97,9179,9.12478248361454,97,2.92123046745095,3.81990567021946,97,28.1034482758621
"NB44",11,18.7000007629395,83.9913330078125,33.081184387207,904,51.0637016296387,8601.43359375,6,0,1,0,98,8786,9.08102863549584,98,3.16401310859424,4.20495255881064,98,28.8135593220339
"NB37",11,18.7875003814697,83.4790573120117,33.7567405700684,906,50.0641326904297,7661.46875,6,0,0.999904873640486,9.51263595142214e-05,99,9188,9.12576239550089,99,2.97233247408536,3.85195854242701,99,28.3392857142857
"NB38",11,18.8708343505859,84.7042541503906,33.5033874511719,888,50.9909858703613,7642.181640625,6,0.0050101471334348,0.99216768138001,0.00282217148655505,100,9689,9.17884970488481,100,2.94321596890757,3.87695365836868,100,28.9122807017544
"NB20",11,19.1166667938232,85.5552215576172,33.1963653564453,887,51.3149948120117,3237.21948242188,6,0.000634195839675292,0.998636478944698,0.000729325215626585,101,12424,9.42746585096483,101,3.57838309411884,4.78684453301728,101,29.4107142857143
"NB19",11,19.3208332061768,85.5585403442383,33.2307357788086,888,51.0511741638184,3340.16967773438,6,0.00843400234630141,0.988205079425473,0.00336091822822537,102,12792,9.45665342531703,102,3.60857984100404,4.91710317670707,102,30.0545454545455
"NB12",11,19.341667175293,85.7542190551758,33.3754043579102,870,51.7738647460938,1436.54907226562,6,0.0483287879748843,0.943965243863766,0.00770596816134965,103,13687,9.52427481557203,103,3.3225257247735,4.43012644657958,103,27.8965517241379
"NB11",11,19.4166660308838,84.6472244262695,33.4615898132324,880,51.2860221862793,1454.56555175781,6,0,1,0,104,14652,9.59240037163802,104,3.45559425404053,4.55548783373012,104,27.8928571428571
"NB28",11,19,83.5028610229492,33.3465690612793,930,49.8445816040039,5499.384765625,6,0,1,0,105,9910,9.20140053040671,105,3.66816797138845,4.85039408728024,105,29.4655172413793
"NB35",11,19.0083332061768,81.1237335205078,33.5025177001953,926,50.7019424438477,7945.62890625,6,0,1,0,106,7997,8.98694678940676,106,2.85807627733118,3.83320960730524,106,29.5892857142857
"NB34",11,18.9249992370605,81.3661727905273,33.3757286071777,934,50.0193901062012,8744.00390625,6,0,1,0,107,7940,8.97979449089521,107,3.23763191796355,4.17076378701556,107,28.1964285714286
"NB26",11,19.0750007629395,82.6410522460938,33.233268737793,925,50.0955543518066,6976.029296875,6,0.0043123949646447,0.994038748137109,0.0016488568982465,108,9406,9.14920937197195,108,3.50879649772014,4.57490506117852,108,29
"NB27",11,19.0708332061768,83.2973327636719,33.2457847595215,919,49.9398384094238,6202.0703125,6,0,1,0,109,9191,9.12608881952859,109,3.31014829946253,4.35182701536056,109,30.3636363636364
"NB18",11,19.1458339691162,85.0790481567383,33.0467224121094,916,50.6620979309082,4402.17919921875,6,0,0.999714593771802,0.000285406228198135,110,12433,9.42818993482928,110,3.76976300598837,4.8687464388725,110,31.2363636363636
"NB17",11,19.1958332061768,83.0787734985352,33.1431465148926,918,50.0057716369629,5718.720703125,6,0.0150631064882349,0.980941206316991,0.00399568719477389,111,13109,9.48113057675775,111,3.57207727224696,4.68139769793951,111,31.9818181818182
"NB09",11,19.3208332061768,82.9692687988281,33.1095123291016,907,50.8882522583008,3625.74072265625,6,0.0253734656982461,0.973072409527736,0.00155412477401757,112,15521,9.65001365141408,112,3.83819477659552,5.10214373126048,112,31.0545454545455
"NB10",11,19.4125003814697,84.237907409668,33.1672554016113,900,51.1545143127441,3215.30859375,6,0.00964130538200501,0.988994957343567,0.00136373727442834,113,15083,9.62138985837825,113,3.51277420020301,4.62228628030967,113,28.7636363636364
"NB05",11,19.5,83.9372100830078,33.1238975524902,885,51.355541229248,1694.04711914062,6,0.00333005613523199,0.994227902698931,0.0024420411658368,114,18552,9.82838678002688,114,3.95427515599309,5.23545564350329,114,28.5178571428571
"NB04",2,19.4249992370605,83.5980758666992,32.8317832946777,894,50.3105239868164,1837.3330078125,6,0.00878333386181311,0.989219012588388,0.00199765354979865,115,19580,9.88231498730333,115,3.97475353879456,5.39435010879901,115,28.7407407407407
"NB01",11,19.6875,83.5062484741211,33.1235275268555,896,50.2529258728027,1942.33178710938,6,0.156304492565233,0.821787514663454,0.0219079927713135,116,20729,9.93933720542983,116,3.6380751535223,4.84948933444474,116,26.8727272727273
"NB06",11,19.404167175293,82.3644638061523,33.3697662353516,932,47.8569755554199,3491.92358398438,NA,0.122054859679721,0.863136197875377,0.0148089424449025,117,15959,9.6778408710038,117,5.34220049704273,7.12775658516378,117,27.8545454545455
"NB30",11,19.3583335876465,81.0676879882812,33.6256408691406,946,46.1996192932129,8881.9130859375,6,0,1,0,118,14232,9.56331849107062,118,3.61858393487348,4.82314268720153,118,29.8620689655172
"NB21",11,19.4291667938232,81.3091430664062,33.8134269714355,955,45.857105255127,5930.57666015625,6,0,1,0,119,13879,9.5382042340608,119,3.35803728754705,4.38098901003225,119,28.9285714285714
"NB22",11,19.5458335876465,81.8940124511719,33.700626373291,933,46.6824684143066,7116.8310546875,6,0.0129693049213597,0.984018264840183,0.00301243023845764,120,14760,9.599743846537,120,3.97260957005365,5.30061035869486,120,29.6551724137931
"NB50",11,18.3583335876465,85.3557662963867,32.131965637207,903,50.9718399047852,6653.73828125,6,0.002220037423488,0.996416225302084,0.00136373727442834,121,9416,9.15027184551006,121,3.08073337485281,4.07205520072993,121,27.4655172413793
"NB43",11,18.6458339691162,82.6949005126953,33.2507781982422,919,50.1420555114746,7853.7890625,6,0,1,0,122,8340,9.02893839224161,122,3.46968739674364,4.4721126054756,122,28.2068965517241
"NB42",11,18.7583332061768,81.9598922729492,33.3654670715332,922,50.0511322021484,7571.587890625,6,0,1,0,123,8138,9.00442260132704,123,3.25271677249172,4.26184537969388,123,28.3793103448276
"NB36",11,18.8833332061768,82.8836288452148,33.6646270751953,912,49.6263961791992,7410.1669921875,6,0,1,0,124,8168,9.00810178134187,124,2.87805727160635,3.78119714922491,124,28.8421052631579
"NB29",11,18.9375,84.4534530639648,33.5155181884766,904,50.7603187561035,5437.470703125,6,0,1,0,125,10837,9.29081375612606,125,3.48097911790988,4.51348777070929,125,29.4035087719298
"NB16",11,18.8916664123535,83.2802963256836,33.4123954772949,946,48.5305099487305,6437.1708984375,6,0,1,0,126,13639,9.52076193139745,126,3.5608958975486,4.59289811340689,126,32.4363636363636
"NB08",11,19.1083335876465,83.3893737792969,33.0935821533203,928,48.7006340026855,4559.3896484375,6,0,1,0,127,15350,9.6389358974732,127,3.67166500400874,4.82819854148424,127,30.5185185185185
"NB03",11,19.4833335876465,82.7738876342773,32.9517211914062,907,49.4139862060547,2965.70629882812,6,0.0839384810527985,0.902108768035516,0.0139527509116854,128,19121,9.85859478364539,128,4.44446300109821,5.98343039643313,128,27.6181818181818
"NB07",11,19.2083339691162,82.7875900268555,33.083251953125,930,48.3542823791504,3897.73095703125,6,0.148877473363775,0.836979959411466,0.014142567224759,129,16923,9.73648801183996,129,5.77928360468571,7.69284135958695,129,31.375
"NB15",10,19.0541667938232,80.973014831543,33.4266090393066,940,47.6825561523438,5986.77197265625,6,0.00453464404629776,0.993372443316949,0.00209291263675281,130,16818,9.73026447872743,130,4.1018430712501,5.43381309287234,130,30.7678571428571
"NB14",11,19.3583335876465,81.0957336425781,33.5320091247559,933,47.7166862487793,5730.85205078125,6,0.00818060752108567,0.988141289872535,0.00367810260637961,131,16240,9.6952941881746,131,3.97124660554176,5.24291023036157,131,30.7454545454545
"NB23",11,19.3500003814697,82.3242034912109,33.5721206665039,932,47.3167495727539,7672.30712890625,6,0.000539066463723998,0.999112125824455,0.00034880771182141,132,16012,9.68115617132248,132,3.52302656322069,4.66943070598852,132,29.2413793103448
"NB24",11,19.0375003814697,82.6032333374023,33.4275054931641,949,48.2311859130859,7865.30810546875,6,0,1,0,133,14996,9.61560546008168,133,3.15173480491561,4.03542927476738,133,29.7241379310345
"NB25",11,19.0249996185303,81.7006683349609,33.332763671875,941,48.8725814819336,8213.3310546875,6,0.00504153719322722,0.99391210603082,0.00104635677595282,134,11976,9.39074342294751,134,3.43591354345513,4.47459018692813,134,30.4464285714286
"NB33",11,18.9500007629395,81.1003952026367,33.134464263916,952,48.6168251037598,9939.9853515625,6,0.00168067226890756,0.996765498652291,0.00155382907880133,135,8778,9.08011778492621,135,2.90601495280916,3.73055403541378,135,29.2
"NB31",11,19.2416667938232,81.0396423339844,33.4451904296875,943,47.0444564819336,9880.919921875,6,0,1,0,136,13055,9.47700307720389,136,3.57969479347426,4.75067268837414,136,30.2758620689655
"NB32",11,18.9583339691162,81.9599075317383,33.0184211730957,960,47.052188873291,10062.994140625,6,0.000824533028890369,0.998192369898202,0.000983097072907747,137,10101,9.220488703028,137,3.97590683558023,5.24685349254313,137,29.8214285714286
"NB41",11,18.8333339691162,80.1513748168945,33.1179656982422,963,47.1216011047363,10565.8310546875,6,0,1,0,138,8721,9.07360384840271,138,3.15948583887029,4.10976053013881,138,28.051724137931
"NB40",11,19.033332824707,80.1513595581055,33.2540321350098,962,46.5003089904785,11658.3525390625,6,0,1,0,139,8916,9.09571484613488,139,3.31591307240177,4.4200082165456,139,29.9137931034483
"NB45",11,18.9750003814697,80.6648483276367,33.3408355712891,972,46.6554870605469,10898.6357421875,6,0,1,0,140,9387,9.14718755697091,140,3.31106428396503,4.27872282038773,140,30.2241379310345
"NB48",11,18.9541664123535,79.1275863647461,32.9959182739258,976,46.7868194580078,9956.6904296875,6,0,0.968225780878389,0.0317742191216109,141,10049,9.21532791348722,141,3.16774513480755,4.06657895134404,141,30.728813559322
"NB39",11,19.1124992370605,79.7189636230469,33.3019638061523,968,46.6895065307617,10693.2392578125,6,0,1,0,142,9546,9.16398224799803,142,3.14871175681904,4.03011630178715,142,29.7413793103448
"MN02",11,19.716667175293,78.1412887573242,33.6982192993164,1056,40.8250617980957,7872.87353515625,6,0,1,0,143,5557,8.62299361030245,143,3.31774536984067,4.28069291613078,143,28.5090909090909
"MN04",11,19.6749992370605,78.9850387573242,33.3056945800781,1080,41.9601821899414,11457.4833984375,6,0.0454358096325185,0.949205745267764,0.00535844509971781,144,6657,8.80357441813497,144,3.64123011054836,4.90940071063658,144,28.1964285714286
"MN05",11,19.6666660308838,76.137825012207,33.5062484741211,1083,40.3147010803223,5695.2509765625,6,0,1,0,145,8948,9.09929707318286,145,3.0641925889604,3.92388495329384,145,29.9491525423729
"MN06",11,19.5791664123535,76.320442199707,33.622917175293,1071,40.8844337463379,7633.0888671875,6,0,1,0,146,8724,9.07394774707063,146,3.34189541679272,4.25021748896308,146,28.3448275862069
"MN07",11,19.4833335876465,79.152702331543,33.6268844604492,1069,41.3881454467773,9572.748046875,6,0,1,0,147,7824,8.96507901540835,147,3.33334539929709,4.30586714473084,147,26.5344827586207
"MN08",11,19.595832824707,77.7659301757812,33.3175277709961,1064,41.8214492797852,11264.4853515625,6,0.0198161065313887,0.978123018389347,0.00206087507926443,148,7369,8.90517298518338,148,3.66358513631392,4.76672231640283,148,27.5263157894737
"MN09",2,19.5166664123535,78.3155899047852,32.8925552368164,1030,42.5064888000488,11847.8671875,NA,0.0482592428181876,0.947396791172554,0.00434396600925867,149,8444,9.0413298292419,149,3.32231305701995,4.31401263055069,149,27.1724137931034
"MN10",11,19.6458339691162,75.9023971557617,32.9364166259766,1134,39.0126609802246,2284.99291992188,6,0,1,0,150,10069,9.21731598571261,150,3.7686597546476,4.93176123360607,150,27.5762711864407
"MN11",11,19.6749992370605,76.855827331543,33.1712532043457,1175,39.5517272949219,4015.27661132812,6,0,1,0,151,9718,9.18183801150347,151,3.40994470810038,4.48021946355386,151,31.8666666666667
"MN12",11,19.5166664123535,76.4654922485352,33.3403511047363,1175,39.7952842712402,5897.02294921875,6,0,0.999904870624049,9.51293759512938e-05,152,10177,9.22798380714878,152,3.55865569110211,4.63425166910143,152,31.1864406779661
"MN13",11,19.5249996185303,76.7078323364258,32.9433822631836,1140,40.399772644043,7784.79541015625,6,0,0.999936574382393,6.34256176069514e-05,153,10333,9.24319470884713,153,3.55965906169258,4.68347018320381,153,29.55
"MN14",11,19.4249992370605,77.8839492797852,32.6956253051758,1136,41.0260353088379,9448.6083984375,6,0.00481958272560086,0.986682731942419,0.00849768533198047,154,10365,9.24628649874965,154,3.68464882044197,4.8448641988255,154,29.8275862068966
"MN15",11,19.4500007629395,79.2579193115234,32.3407783508301,1114,41.6036109924316,11367.83203125,6,0.00130001902466865,0.997273130826305,0.00142685014902657,155,8786,9.08102863549584,155,4.60711551506018,6.1117873486727,155,30.1052631578947
"MN16",11,19.3833332061768,79.4107284545898,32.5851593017578,1097,42.4916534423828,10711.5478515625,6,0,1,0,156,9448,9.15366419478263,156,3.86441119004409,5.13400556860559,156,28.7931034482759
"MN17",11,19.2916660308838,78.7352676391602,32.6813850402832,1036,42.6379699707031,9116.1953125,6,0,1,0,157,12178,9.40746843608711,157,4.27033023071192,5.61838313288554,157,28.4181818181818
"MN18",11,19.658332824707,75.0403900146484,30.6103076934814,1137,39.0319786071777,469.844116210938,6,0.135773879389652,0.804967801287949,0.0592583193223995,158,12317,9.41881688624699,158,3.85586238109885,5.17078998203695,158,30.1034482758621
"MN19",11,19.4416675567627,76.7177047729492,32.539005279541,1153,39.6081809997559,2390.56225585938,6,0.00126835146018962,0.997368170720107,0.00136347781970384,159,10568,9.26568046700935,159,3.55033165392332,4.60435091231347,159,28.1034482758621
"MN20",11,19.4333343505859,74.9949493408203,32.8904762268066,1178,39.5067520141602,4041.75219726562,6,0.049476688867745,0.944497304154773,0.00602600697748176,160,9943,9.20472463319055,160,3.84071757450466,5.0845987884468,160,30.5689655172414
"MN21",11,19.4375,75.44189453125,32.5386428833008,1121,39.1930923461914,6031.3515625,6,0.0192789421948822,0.972603608459904,0.00811744934521356,161,10365,9.24628649874965,161,3.54080431461755,4.71061784793169,161,31.6896551724138
"MN22",2,19.341667175293,76.5100479125977,32.2373123168945,1149,40.4702796936035,7673.76171875,6,0.0745156482861401,0.913022798617497,0.012461553096363,162,11308,9.33335414787133,162,3.66772078009936,4.94609823829955,162,30.3965517241379
"MN23",11,19.283332824707,78.6919631958008,32.0969009399414,1167,40.5644416809082,9226.94140625,6,6.34236062662523e-05,0.99391133379844,0.00602524259529397,163,11427,9.34382176335066,163,3.64572100802984,4.73573164182289,163,30.6034482758621
"MN24",11,19.2708339691162,79.3856582641602,32.0649223327637,1146,42.221981048584,10821.2099609375,6,0.000126871352448617,0.999587668104542,0.000285460543009389,164,9389,9.14740057220231,164,5.14397154397646,6.94881511604699,164,29.3103448275862
"MN25",11,19.1208324432373,78.9262619018555,32.3233299255371,1108,42.1755867004395,9722.8896484375,6,0,1,0,165,10318,9.24174213511571,165,4.2003444325504,5.73832931563093,165,28.7543859649123
"MN26",11,18.9500007629395,78.9706497192383,32.6083564758301,1063,42.235164642334,7931.10009765625,6,0,1,0,166,12540,9.43675855582405,166,3.67495900531027,4.73356853781286,166,27.5454545454545
"MN27",11,19.3708324432373,76.4394760131836,30.3064765930176,1162,38.828929901123,538.705932617188,6,0.051820372954459,0.804547761004694,0.143631866040847,167,13312,9.49649628043192,167,5.0968047941328,6.86572194467721,167,26.7586206896552
"MN29",11,19.1625003814697,75.0794982910156,32.9284286499023,1155,39.5030059814453,3647.90625,6,0,0.999936560299435,6.34397005646133e-05,168,10645,9.2729395137327,168,3.64948190678248,4.74814549215333,168,27.1379310344828
"MN30",2,19.1916675567627,76.4208831787109,32.5916442871094,1159,39.6226806640625,5329.19384765625,6,0.0931257530598009,0.885947111421143,0.0209271355190564,169,10521,9.26122358229075,169,3.66617103758956,4.86432310675182,169,30.5344827586207
"MN31",11,19.1458339691162,76.4394683837891,32.1975440979004,1154,40.0563735961914,6655.97509765625,6,0,1,0,170,11173,9.32134493001909,170,3.62280071004707,4.73581905292552,170,31.2586206896552
"MN32",11,19.2000007629395,78.7112045288086,32.0077171325684,1161,40.7905960083008,7951.86962890625,6,0,1,0,171,12010,9.39357817555449,171,3.87174337391856,4.99588504110223,171,30.4181818181818
"MN33",11,19.2416667938232,76.7769241333008,31.8853607177734,1149,41.7576751708984,9336.7724609375,6,0.000348851959913738,0.999016871749334,0.000634276290752252,172,10561,9.26501793326688,172,3.86761114751844,5.02242382128593,172,29.9152542372881
"MN34",11,19.095832824707,77.2380676269531,32.0573883056641,1123,42.222110748291,9185.7197265625,6,0.0153494862362045,0.979449448179627,0.00520106558416846,173,11161,9.32027043134838,173,4.14860964635858,5.45981605696852,173,29.3157894736842
"MN35",11,19.0041656494141,77.0318145751953,32.3732643127441,1113,41.6065254211426,7559.94921875,6,0.00123668188736682,0.997970573313039,0.000792744799594115,174,12720,9.45100945015621,174,3.52821497782269,4.65692786311797,174,28.8103448275862
"MN37",11,19.1625003814697,75.0794982910156,31.9671649932861,1158,39.3491973876953,2350.80395507812,6,0.0143971586224393,0.981734001395319,0.00386883998224139,175,12501,9.43364391049176,175,3.73197663258972,4.83295404173808,175,29.6842105263158
"MN38",11,19.1208324432373,74.938102722168,32.1904525756836,1166,39.7053909301758,3701.90234375,6,0.0110336081166772,0.987317691819911,0.00164870006341154,176,12135,9.40393152102837,176,3.69220564656407,4.77090450536425,176,31
"MN39",11,19.0416660308838,75.2520980834961,31.9453582763672,1168,39.9652519226074,5375.53564453125,6,0,1,0,177,12153,9.4054136126953,177,3.64717216684398,4.73298002778614,177,31.7068965517241
"MN40",11,19.1166667938232,76.5842742919922,31.8433589935303,1177,39.7399978637695,6574.234375,6,0.0235036635265011,0.972436324420338,0.00406001205316078,178,12183,9.407878894575,178,3.93359927933135,5.06518968485169,178,31.1964285714286
"MN41",11,19.091667175293,78.2720718383789,31.9740905761719,1169,40.0841941833496,7148.9970703125,6,0.00421793733350247,0.994259799568692,0.0015222630978054,179,12015,9.39399437400392,179,3.70392406330925,4.81905219880397,179,30.9655172413793
"MN42",11,19.1499996185303,76.1875686645508,32.1887893676758,1138,40.6209907531738,7677.4775390625,6,0.0191203982623585,0.974474426863684,0.00640517487395757,180,12034,9.39557435021717,180,3.95755008070053,5.21927932765981,180,29.4310344827586
"MN43",11,19.2124996185303,76.2509307861328,31.2784652709961,1184,38.2309646606445,897.843139648438,6,0.0186847698505853,0.961996002918504,0.0193192272309108,181,14086,9.55300766526031,181,3.99826865983163,5.26677572991495,181,28.8035714285714
"MN44",11,19.1625003814697,76.1017532348633,32.0946197509766,1187,39.4824295043945,2496.13818359375,6,0.0353892500396385,0.959885841128904,0.00472490883145711,182,13640,9.52083524249312,182,3.66529706337529,4.7397171786118,182,29.2105263157895
"MN45",11,19.0583324432373,75.4330902099609,31.8765850067139,1201,38.5196189880371,3785.38427734375,6,0,1,0,183,13263,9.49280887737508,183,4.1093948624907,5.29985435650631,183,29.8965517241379
"MN46",11,18.9291667938232,75.4519195556641,32.1366004943848,1193,40.4526634216309,5186.490234375,6,0.00580270793036751,0.992516726384881,0.00168056568475124,184,11739,9.37075709338209,184,4.08157485043733,5.29146106768934,184,31.2321428571429
"MN47",11,18.9958324432373,75.4519271850586,31.7419357299805,1204,39.0232963562012,4698.44140625,6,0.00114191461016304,0.998223688384191,0.000634397005646133,185,13162,9.48516514242541,185,4.0607940018687,5.2210875612199,185,31.4137931034483
"MN48",11,19.2124996185303,75.4720001220703,31.9915714263916,1154,38.0721588134766,1026.72290039062,6,0,1,0,186,16553,9.71438304344534,186,3.62939239476089,4.69509587873492,186,28.3793103448276
"MN49",11,19.216667175293,76.4951934814453,32.1732864379883,1187,38.6314353942871,1916.62145996094,6,0.0203285551186097,0.973677533933782,0.00599391094760878,187,15193,9.62865589206317,187,3.98103441531922,5.17433477018039,187,30.4137931034483
"MN50",11,19.158332824707,77.2785263061523,31.9667224884033,1192,38.9999313354492,2948.51147460938,6,0.0916671951296848,0.897488743737713,0.0108440611326019,188,12843,9.46063205520941,188,3.57167948116666,4.61696235601049,188,32.3620689655172
"MT01",11,20.2749996185303,75.8437347412109,31.8704833984375,1107,41.2811660766602,11669.3046875,2,0.0212462343427937,0.976407166640241,0.00234659901696528,189,71,4.27666611901606,189,4.47096937461698,5.98035618195381,189,29.9655172413793
"MT02",11,19.9958324432373,76.7658462524414,31.812068939209,1113,40.8665733337402,10210.177734375,2,0,1,0,190,52,3.97029191355212,190,3.89073670856564,5.18701139835548,190,31.6896551724138
"MT03",11,19.8583335876465,76.3018188476562,32.1085243225098,1112,41.6863403320312,8302.986328125,2,0,1,0,191,491,6.19847871649231,191,3.79927287985867,4.85060828438641,191,31.551724137931
"MT04",11,19.658332824707,78.6775131225586,31.9823837280273,1112,41.7211227416992,6368.99365234375,2,0,1,0,192,1404,7.24779258176785,192,3.60161015241625,4.77192775805443,192,32.5
"MT05",11,19.8791656494141,77.7659225463867,31.5877552032471,1084,42.1066131591797,4809.31494140625,2,0.00288641481904399,0.996796396739303,0.000317188441653186,193,1512,7.32184971378836,193,3.10096748286695,4.02493098455489,193,33.0689655172414
"MT07",11,20.0750007629395,79.3582382202148,31.5632190704346,1038,41.8283424377441,1669.71337890625,2,0.0208320121757879,0.974633775128417,0.00453421269579555,194,1571,7.36010397298915,194,3.18113285190936,4.16898830604164,194,28.7241379310345
"MT08",1,20.1666660308838,80.6883239746094,31.5913848876953,1020,42.6804809570312,0,2,0.166856925418569,0.776255707762557,0.0568873668188737,195,1776,7.48268182815465,195,3.66406133426521,4.8417818032714,195,26.8448275862069
"MT09",11,19.9874992370605,76.8447418212891,31.2157878875732,1128,40.5651321411133,10050.5390625,2,0,1,0,196,87,4.47733681447821,196,3.6005776454727,4.73543232547221,196,30
"MT10",11,19.875,76.8262634277344,31.2893123626709,1128,40.8570976257324,8704.3427734375,2,0.00275866442591242,0.994165583283128,0.00307575229095982,197,205,5.32787616878958,197,3.92440376543362,5.13984175701531,197,31.551724137931
"MT11",11,19.6791667938232,77.2086410522461,31.2690467834473,1124,40.471378326416,7619.9169921875,2,0.000380505438056886,0.998921901258839,0.00069759330310429,198,477,6.16961073249146,198,3.50823373453092,4.56253285138007,198,32.5454545454545
"MT12",11,19.5125007629395,75.712532043457,31.2050533294678,1126,41.0074501037598,6887.466796875,2,0,1,0,199,1454,7.28276117960559,199,3.58158481506244,4.71260681687427,199,31.8245614035088
"MT13",11,19.6333332061768,77.2932281494141,31.1400852203369,1110,40.4172096252441,5857.5634765625,2,0.00757984206019473,0.985791760489677,0.00662839745012845,200,1528,7.33236920592906,200,3.35086704092222,4.36583260155337,200,31.6727272727273
"MT14",11,19.8875007629395,78.2805328369141,31.1364784240723,1072,41.1489143371582,4373.6328125,2,0,1,0,201,1592,7.37337430991005,201,3.22185755345777,4.16610171894377,201,31.5263157894737
"MT15",11,19.9541664123535,78.8686599731445,31.5909671783447,1053,41.4976348876953,2746.42041015625,2,0.0139210401141589,0.983859204058982,0.00221975582685905,202,1780,7.48493028328966,202,3.40205153414556,4.38556972314595,202,29.8620689655172
"MT16",11,20.0083332061768,78.9946365356445,31.9068851470947,1038,41.4863014221191,821.378356933594,2,0.00294901065449011,0.993721461187215,0.00332952815829528,203,1807,7.49997654095212,203,3.61425913723528,4.77970450137666,203,26.2758620689655
"MT17",11,19.9500007629395,73.6083068847656,31.1320972442627,1157,40.0628204345703,10601.921875,2,0.0120180111618468,0.986586757990868,0.00139523084728564,204,2256,7.72179177681754,204,3.35849510686006,4.38852805734795,204,30.1724137931034
"MT18",11,19.904167175293,75.8724517822266,31.1469707489014,1141,40.0720481872559,8869.4765625,2,0,0.998509734288794,0.00149026571120553,205,979,6.88755257166462,205,3.20193212642855,4.30881595500292,205,29.1964285714286
"MT19",11,19.7708339691162,76.884162902832,31.1101665496826,1127,39.9833106994629,7308.8896484375,2,0.191901575926689,0.790024415765609,0.0180740083077021,206,338,5.82600010738045,206,3.06656403875695,3.9492260478752,206,31.1607142857143
"MT20",2,19.7458324432373,75.3916549682617,30.882926940918,1123,40.0735359191895,5976.4052734375,2,0.365732225534344,0.584258260924716,0.0500095135409399,207,407,6.01126717440416,207,3.04425676260549,3.9618974375843,207,32.7321428571429
"MT21",11,19.7291660308838,77.1497268676758,30.9918441772461,1116,40.5449714660645,5142.06298828125,2,0,1,0,208,1053,6.96034772910131,208,3.06361849821045,4.00147934538958,208,32.25
"MT22",11,19.720832824707,77.4437484741211,31.0638751983643,1102,40.0815887451172,4408.935546875,2,0,1,0,209,1557,7.35115822643069,209,3.07034435126935,3.97841052970028,209,30.9272727272727
"MT23",11,19.716667175293,76.3464813232422,31.1610851287842,1090,40.3607749938965,3109.0234375,2,0.0113261421319797,0.984930203045685,0.00374365482233503,210,1562,7.35436233042148,210,4.50703725054934,6.04750882525259,210,32.9272727272727
"MT24",11,19.9916667938232,78.4460983276367,31.6726398468018,1054,40.7035522460938,1972.11315917969,2,0.0207996448841117,0.977012587589968,0.00218776752592029,211,1813,7.50328963067508,211,3.69287985780416,4.87451777594589,211,30.0689655172414
"MT25",2,20.125,80.4673843383789,31.7666168212891,1036,41.4156112670898,205.344589233398,2,0.188863521055302,0.73947234906139,0.071664129883308,212,1807,7.49997654095212,212,4.34011445399774,5.77294279775168,212,27.2241379310345
"MT26",11,19.8291664123535,74.3596420288086,30.7854709625244,1167,39.9208831787109,8827.5693359375,2,0.035135563659426,0.94076423022039,0.0241002061201839,213,6477,8.77616709973127,213,2.82698613848364,3.63231067913565,213,30.2545454545455
"MT27",11,19.783332824707,74.3252639770508,30.831750869751,1160,40.3799133300781,7890.49609375,2,0.00282199251696366,0.995814572896189,0.00136343458684761,214,3153,8.05642676752298,214,2.81685962812209,3.63205577824695,214,32.1272727272727
"MT28",11,19.841667175293,76.1826095581055,30.8133316040039,1139,39.9640464782715,6083.763671875,2,0.331801033509812,0.656659163681324,0.0115398028088641,215,1598,7.37713371283395,215,2.19407711670949,2.8268279405762,215,32.7321428571429
"MT29",2,19.8208332061768,76.854606628418,30.7061519622803,1126,40.0092887878418,4394.2841796875,2,0.359459716541425,0.629284378071594,0.0112559053869812,216,796,6.68085467879022,216,2.44572367235581,3.12340248509457,216,32.9454545454545
"MT30",11,19.7749996185303,77.2392959594727,30.8326244354248,1114,39.8958435058594,3167.51049804688,2,0,1,0,217,584,6.37161184723186,217,2.81926965687023,3.597758200789,217,31.1428571428571
"MT31",11,19.7583332061768,77.0133666992188,31.3352508544922,1108,39.8734092712402,2275.74731445312,2,0.0310755961440893,0.967085235920852,0.00183916793505835,218,1126,7.02731451403978,218,3.4351684974933,4.4377043528984,218,31
"MT33",2,20.0125007629395,78.4835052490234,31.9130821228027,1061,40.7813491821289,249.016891479492,2,0.215280200437665,0.685579271193429,0.0991405283689068,219,1761,7.47420480649612,219,5.43947230187042,7.22122023335004,219,29.8245614035088
"MT34",11,19.7666664123535,75.1160583496094,30.5987663269043,1183,39.8775215148926,6853.53125,2,0.13731646211905,0.843719278216472,0.0189642596644785,220,9308,9.13873695311649,220,2.35795495500956,3.00426501632259,220,31.1034482758621
"MT32",11,19.7749996185303,76.589225769043,31.8913326263428,1096,40.8544464111328,1470.67614746094,2,0.0773939797633774,0.912519427792051,0.0100865924445713,221,1551,7.34729970074316,221,4.66420824818404,6.20440458074286,221,32.0909090909091
"MT35",11,19.7666664123535,73.957405090332,30.6234455108643,1168,39.6416511535645,6592.5078125,2,0,1,0,222,5733,8.65416864644332,222,2.54946415795338,3.32837458733186,222,31.6
"MT36",11,19.779167175293,75.4820404052734,30.7219886779785,1157,40.0293312072754,5529.072265625,2,3.17178381121543e-05,0.999714539456991,0.000253742704897234,223,4075,8.31287139434261,223,2.67297767930976,3.41639242439627,223,31.8448275862069
"MT37",11,19.8500003814697,76.781867980957,30.5929565429688,1136,40.6587905883789,3614.09204101562,2,0.350486699007578,0.645137765940581,0.00437553505184058,224,2199,7.69621263934641,224,2.16568625053017,2.73618070792095,224,31.875
"MT38",2,19.8500003814697,76.2770233154297,30.850944519043,1121,41.345645904541,1908.8408203125,2,0.550868958518331,0.436921222884689,0.0122098185969808,225,1195,7.08673793451058,225,2.64382959983943,3.35763788390187,225,30.8571428571429
"MT39",11,19.8916664123535,78.039436340332,31.616455078125,1103,40.9906234741211,290.401092529297,2,0.0814521242866202,0.857989854153456,0.0605580215599239,226,774,6.65286302935335,226,3.2680646489616,4.18913403142108,226,28.462962962963
"MT40",11,19.6833324432373,74.8129043579102,29.9062538146973,1198,39.6329650878906,4699.76123046875,2,0.341546169457128,0.636478944698123,0.0219748858447489,227,11548,9.35435413211509,227,2.48771255882403,3.16661345561578,227,33.2413793103448
"MT41",11,19.7583332061768,74.6456146240234,30.2518501281738,1183,39.5242347717285,4678.60302734375,2,0.0254970982779945,0.971109631180034,0.0033932705419719,228,8048,8.99330313909373,228,2.45220050926776,3.13021063811588,228,33.5689655172414
"MT42",11,19.7958335876465,74.7559051513672,30.3937644958496,1159,39.3203506469727,5416.4462890625,2,0.00906928809259553,0.98534961154273,0.00558110036467417,229,5642,8.63817111796914,229,2.57160736693268,3.34408258186806,229,32.2241379310345
"MT43",11,19.8291664123535,76.5583038330078,30.3860034942627,1147,40.171443939209,3594.82421875,2,0.00824376169187355,0.987824598116617,0.00393164019150893,230,4074,8.31262602567496,230,2.21634368121449,2.82610964656815,230,31.6363636363636
"MT44",2,19.8333339691162,76.4654922485352,30.5708026885986,1126,40.2636566162109,1953.15612792969,2,0.726765386688651,0.250657957319973,0.0225766559913752,231,2084,7.6425241342329,231,2.57668750046293,3.31125923686743,231,31.6785714285714
"MT45",11,19.8624992370605,76.6077880859375,30.8873271942139,1108,40.0223159790039,472.476318359375,2,0.260797868966829,0.660905689097482,0.0782964419356885,232,1260,7.13966033596492,232,3.03594861972553,3.94534024001559,232,31.2631578947368
"MT46",11,19.470832824707,75.7825393676758,28.8641223907471,1221,39.7873306274414,2792.98828125,2,0.373434378666328,0.618670133493991,0.00789548783968038,233,13150,9.48425308034196,233,11.8975534545246,16.8686561573335,233,35.0862068965517
"MT47",11,19.4958343505859,76.2012252807617,29.4698009490967,1212,39.3402671813965,2524.79052734375,2,0.00694488488615463,0.990613306272595,0.00244180884125071,234,10531,9.2621735206162,234,4.21593247915851,5.56158527411001,234,34.4137931034483
"MT48",11,19.595832824707,77.4437866210938,29.912748336792,1189,39.0116577148438,3717.94799804688,2,0.0116057838660578,0.985001268391679,0.00339294774226281,235,8648,9.06519898630651,235,2.7403138106731,3.53199021586871,235,33.0172413793103
"MT49",11,19.6625003814697,76.7559661865234,30.2555446624756,1169,39.2393684387207,3539.19506835938,2,0,1,0,236,6657,8.80357441813497,236,2.47867179817597,3.19917505680472,236,32.3571428571429
"Site 1 Block 3",11,17.908332824707,61.637996673584,31.2675743103027,795,60.8365821838379,1574.92102050781,4,0,0.997874904846486,0.00212509515351434,237,1071,6.97728134163075,237,3.62769454871838,4.88395036206354,237,28.8620689655172
"Site 3 Block 3",11,17.9874992370605,61.9062690734863,31.0914440155029,803,61.4839820861816,410.689178466797,4,0.0291496177879278,0.932058235797887,0.0387921464141847,238,1037,6.94505106372583,238,3.14462256379611,4.19970315091636,238,27.5454545454545
"Site 4 Block 3",11,17.904167175293,61.7347106933594,31.2703075408936,796,60.8246421813965,1087.72216796875,4,0.0190905054861419,0.976501553878354,0.00440794063550453,239,1108,7.01121398735037,239,3.29023487099138,4.38937794564068,239,26.9473684210526
"Site 5 Block 3",11,17.7875003814697,62.599925994873,31.3325862884521,791,60.7509880065918,1922.43615722656,4,0.00253686380212462,0.94666243856033,0.0508006976375456,240,1169,7.0647590277918,240,2.78711077805691,3.7018623809502,240,28.6551724137931
"Site 6 Block 3",11,17.7749996185303,61.9567337036133,31.1158504486084,801,61.9290885925293,1563.85778808594,4,0.00317077810894794,0.993848690468641,0.00298053142241106,241,1293,7.16549347506085,241,2.69272331961344,3.56889255813688,241,28.3571428571429
"Site 7 Block 3",11,18.0249996185303,63.4428901672363,31.0237808227539,816,63.6692237854004,281.730438232422,4,0.0149106944576631,0.974905618476571,0.0101836870657657,242,1214,7.10249935577465,242,2.78856445616543,3.6860960310219,242,28.1724137931034
"Site 8 Block 3",11,18.033332824707,63.113655090332,31.0659084320068,811,63.1886138916016,1055.31469726562,4,0.128310024418863,0.859258554530175,0.0124314210509625,243,1060,6.96696713861398,243,2.77530608179456,3.69196344076091,243,27.8103448275862
"Site 9 Block 3",11,17.966667175293,64.4675064086914,31.0659084320068,803,63.3811988830566,348.623657226562,4,0.223289886785273,0.744553325088003,0.0321567881267244,244,1143,7.04228617193974,244,2.63403014286554,3.46779636803197,244,28.4745762711864
"Site 11",11,16.216667175293,59.4036064147949,26.58420753479,666,52.0382423400879,2938.3994140625,4,0.109014808003298,0.877699210451216,0.0132859815454863,245,649,6.47697236288968,245,13.5569147729714,18.8568401787751,245,35.5614035087719
"Site 12",2,16.595832824707,63.9409866333008,27.7513694763184,688,53.726993560791,2458.5927734375,4,0.594708625448086,0.389874060210005,0.0154173143419091,246,614,6.42162226780652,246,14.4645729503109,20.3229138543148,246,35.3965517241379
"Site 13",11,17.1708335876465,65.5209350585938,28.6460208892822,733,58.5671882629395,1087.72216796875,4,0.324909632823895,0.661297482402181,0.0137928847739235,247,578,6.361302477573,247,7.95560410484732,10.9306764046907,247,33.3793103448276
"Site 14",11,17.2041664123535,64.6127624511719,28.6460208892822,722,58.157169342041,298.820281982422,4,0.0259101864772295,0.964321958645186,0.00976785487758468,248,613,6.41999492814714,248,3.16469074234431,4.27264990590785,248,31.8103448275862
"Site 15",2,17.1666660308838,63.5442886352539,29.2007942199707,716,57.3868026733398,249.016891479492,4,0.172454254273301,0.81067453144325,0.0168712142834491,249,688,6.53524127101366,249,3.83213020164103,5.11826415516943,249,31.4915254237288
"Site 16",2,17.2250003814697,65.3487167358398,28.8931179046631,735,59.0084457397461,624.034545898438,4,0.510765133018359,0.4642166344294,0.0250182325522402,250,719,6.5792512120101,250,3.00411842908609,4.0483085683588,250,33.448275862069
"Site 17",11,17.0874996185303,64.4601745605469,28.6726360321045,719,57.0746154785156,607.927673339844,4,0.154685270334549,0.829300776914539,0.0160139527509117,251,617,6.42648845745769,251,3.505818056723,4.73784967605595,251,33.8793103448276
"Site 18",11,16.9125003814697,63.1421508789062,27.7173080444336,711,56.2231254577637,2131.677734375,4,0.0696619950535862,0.919367112689454,0.0109708922569599,252,574,6.35437004079735,252,4.84762999249901,6.59571763087363,252,33.0677966101695
"Site 19",11,16.2541656494141,60.6951484680176,26.58420753479,678,52.2555351257324,3136.03149414062,4,0.0281565096074577,0.95129684824656,0.0205466421459826,253,596,6.3919171133926,253,16.4674514518252,23.3500843660496,253,35.1818181818182
"Site 21",11,17.6291675567627,61.5503540039062,30.3902606964111,798,59.7170867919922,3346.10522460938,NA,0.0335859947353398,0.919539500808728,0.0468745044559323,254,1331,7.19443685110033,254,3.08471253856694,4.11752111848464,254,32.551724137931
"Site 22",11,17.6208324432373,61.7347068786621,30.3902606964111,794,59.7655830383301,2361.85668945312,4,0.118991756499683,0.872511097019658,0.00849714648065948,255,1331,7.19443685110033,255,3.1732755736026,4.25635435284141,255,32.3114754098361
"Site 23",11,17.8666667938232,61.2496147155762,30.9572906494141,814,60.8400726318359,828.893371582031,4,0.000539083557951483,0.998509592516252,0.000951323925796734,256,1184,7.07749805356923,256,3.21533455979106,4.25939352470532,256,32.5
"Site 24",2,17.9500007629395,62.1581649780273,31.0160522460938,817,60.8163719177246,816.836181640625,4,0.115106544901065,0.871385083713851,0.0135083713850837,257,1098,7.00215595440362,257,3.373374622888,4.53416083893161,257,28.4107142857143
"Site 25",11,18.1166667938232,62.1337699890137,30.8385715484619,827,61.3047981262207,268.199401855469,4,0.000475692132052136,0.998604636412647,0.000919671455300796,258,1043,6.95081476844258,258,3.29382674866644,4.4577814314472,258,28.2068965517241
"Site 26",11,18.1791667938232,62.8655891418457,31.2332210540771,828,62.3176383972168,981.012817382812,4,0.0184521733616563,0.97739450239371,0.00415332424463397,259,1022,6.93049476595163,259,3.09776306391294,4.16958507644796,259,27.051724137931
"Site 27",11,18.2749996185303,62.649829864502,31.1749534606934,835,63.478946685791,1136.783203125,4,0.107936709262137,0.877286996226654,0.0147762945112091,260,988,6.89669433162271,260,3.10302278339746,4.13560391473937,260,24.1090909090909
"Site 28",11,17.9416656494141,62.0056266784668,31.114372253418,811,60.8640975952148,1517.98217773438,4,0.0316780821917808,0.90835870116692,0.0599632166412988,261,1114,7.01660968389422,261,2.66544678916558,3.5271427518377,261,33.1034482758621
"Site 29",11,17.8374996185303,61.9429779052734,30.8145923614502,804,60.5170669555664,2139.2275390625,4,0.000665905631659056,0.999048706240487,0.000285388127853881,262,1288,7.16162200293919,262,2.99143679828447,3.93789467736338,262,31.6896551724138
"Site 31",11,17.1458339691162,63.7986145019531,29.7572536468506,698,57.037654876709,1045.87097167969,4,0.170826066275567,0.799365784049469,0.0298081496749643,263,703,6.55677835615804,263,5.21628015112616,7.04429478684273,263,29.9827586206897
"Site 32",11,17.4291667938232,64.823486328125,29.1270580291748,740,60.1835746765137,99.6067581176758,4,0.046900269541779,0.922593943237672,0.0305057872205486,264,684,6.52941883826223,264,3.67904555319568,4.99095300784671,264,30.1818181818182
"Site 34",2,16.4166660308838,61.6932716369629,28.0082149505615,654,52.3481864929199,2340.7587890625,4,0.322298325722983,0.648179857940132,0.0295218163368848,265,720,6.58063913728495,265,13.895385141399,19.4221413967351,265,34.7241379310345
"Site 35",2,16.6124992370605,62.345272064209,27.5443782806396,682,53.9275321960449,3136.03149414062,4,0.242397336293008,0.735531948628508,0.0220707150784842,266,695,6.54534966033442,266,14.5947658115535,20.6629890444123,266,34.6551724137931
"Site 36",11,16.8541660308838,62.3574066162109,28.7209892272949,685,56.4674301147461,3279.84643554688,4,0.164103377199937,0.826034564769304,0.00986205803075947,267,813,6.70196036600254,267,11.6488143659164,16.1244657326247,267,32.9491525423729
"Site 37",11,16.6499996185303,60.8649826049805,28.6285915374756,666,54.2093276977539,2506.55004882812,4,0.18517696308512,0.797919573766333,0.0169034631485475,268,826,6.71780469502369,268,12.244820261959,17.1621695550227,268,33.8545454545455
"Site 38",11,17.4208335876465,64.2246932983398,29.7447967529297,734,60.6656875610352,1298.71313476562,4,0.122843734145104,0.854261796042618,0.022894469812278,269,802,6.68835471394676,269,10.0558940467796,13.9662143977608,269,30.5862068965517
"Site 41",11,18.0874996185303,61.9062614440918,31.0546245574951,809,62.6209678649902,760.215576171875,4,0.109296721415435,0.844283087069567,0.0464201915149978,270,1027,6.93537044601511,270,2.98728737885184,3.99647192931363,270,26
"Site 42",11,18.1791667938232,62.8656044006348,31.5278606414795,806,63.6160011291504,1197.35437011719,4,0.104173273292319,0.885488678886281,0.0103380478213991,271,911,6.81563999007433,271,2.73817951049254,3.60533319559103,271,22.1551724137931
"Site 43",11,18.2999992370605,64.2792282104492,31.9084625244141,817,64.9335784912109,1323.30859375,4,0.183363460501697,0.798401674436305,0.0182348650619985,272,808,6.69579891705849,272,2.59162428338679,3.42235049361003,272,21.0350877192982
"Site 44",11,18.3250007629395,64.3675537109375,31.9898338317871,815,64.4908981323242,1534.23510742188,4,0.168976123283762,0.821764911056854,0.00925896565938421,273,767,6.64378973314767,273,2.29821968391019,3.06160611077578,273,21.1896551724138
"Site 47",11,18.3666667938232,62.9694328308105,31.9073963165283,823,64.1867828369141,1172.23229980469,4,0.000602505153004598,0.99898525447915,0.000412240367845251,274,755,6.62804137617953,274,3.04375683853628,4.05388047960069,274,20.9655172413793
"Site 48",11,18.3999996185303,64.1730499267578,31.810396194458,833,65.2284317016602,1050.60339355469,4,0.203063068776358,0.779877604084092,0.0170593271395504,275,803,6.68959926917897,275,2.95882599822217,3.9500067167193,275,22.0344827586207
"Site 50",11,18.095832824707,61.5872650146484,30.841121673584,813,62.5258483886719,637.79443359375,4,0.00942139322421013,0.896459840121812,0.0941187666539779,276,1003,6.91174730025167,276,3.48406287730952,4.73128276586672,276,25.551724137931
"Site 51",11,17.658332824707,64.0607986450195,30.2332630157471,739,61.0638542175293,398.427032470703,4,0.360445205479452,0.599822425164891,0.039732369355657,277,796,6.68085467879022,277,3.52784361417484,4.78196830805201,277,26.551724137931
"Site 52",11,17.6291675567627,65.0684356689453,29.7447967529297,750,61.8890533447266,582.93359375,4,0.582701639760221,0.390973389577849,0.0263249706619303,278,836,6.72982407048948,278,5.39730877946486,7.49567283757491,278,29
"Site 54",2,17.783332824707,65.7935180664062,30.2294292449951,752,63.2340469360352,1197.35437011719,4,0.536175341770546,0.446759920068513,0.0170647381609414,279,1007,6.91572344863131,279,5.9804161691206,8.22172942910059,279,25.9122807017544
"Site 55",6,17.8583335876465,64.8015747070312,30.5203075408936,761,63.5825462341309,362.574066162109,4,0.552800152216655,0.417644447263271,0.0295554005200736,280,838,6.73221070646721,280,2.96998590449097,3.99413277252376,280,25.9310344827586
"Site 56",2,17.7250003814697,64.7898635864258,30.8995895385742,736,61.9461135864258,1008.44158935547,4,0.292594001648596,0.675733942045527,0.0316720563058779,281,794,6.67834211465433,281,4.0559931159967,5.49957003055282,281,24.1896551724138
"Site 53",11,17.3916664123535,64.6259689331055,29.2181968688965,723,59.5582809448242,1534.23510742188,4,0.866239614384474,0.117111688970635,0.0166486966448912,282,873,6.77308037565554,282,9.40890154883979,13.2576360733126,282,30.7413793103448
"Site 60",11,17.5416660308838,63.2754821777344,30.3424758911133,761,60.7779426574707,149.410140991211,4,0.0218487394957983,0.949484699540193,0.0286665609640082,283,842,6.73696695800186,283,4.22795681305243,5.67439582849182,283,29.2068965517241
"Site 62",11,17.4125003814697,63.5368614196777,29.9027423858643,752,59.7434539794922,834.856689453125,NA,0.181466446784219,0.799632119751364,0.0189014334644171,284,955,6.8627579130514,284,4.55873900899185,6.20608803770797,284,32.2413793103448
"Site 63",11,17.5499992370605,63.6038856506348,30.2251319885254,761,59.4255676269531,157.492111206055,4,0.00028547865254076,0.994353866649749,0.00536065469770983,285,1108,7.01121398735037,285,2.77892128865901,3.75751361852496,285,31.2857142857143
"Site 64",11,17.5874996185303,63.3936157226562,30.7890625,767,60.1737442016602,1328.919921875,4,0.000380517503805175,0.999397513952308,0.000221968543886352,286,1245,7.1276936993474,286,2.91562360957875,3.89460248144988,286,31.6393442622951
"Site 65",11,17.6458339691162,62.1749076843262,30.8318901062012,778,59.9281463623047,1307.27941894531,4,0,1,0,287,1327,7.19142933003638,287,2.60841729323857,3.49041022753193,287,30.1754385964912
"Site 67",11,17.591667175293,63.1316604614258,30.3452606201172,789,60.2481079101562,2819.50463867188,4,0,1,0,288,1374,7.22620901010067,288,3.05177703739863,4.04112407266399,288,33.4181818181818
"Site 68",11,17.5166664123535,63.1136627197266,30.3452606201172,785,60.6842079162598,1937.21704101562,4,0.00409030376054284,0.994356014966073,0.00155368127338449,289,1154,7.05185562295589,289,3.20065429766714,4.26402152739161,289,33.9122807017544
"Site 70",11,17.595832824707,63.7629890441895,29.6624240875244,800,60.2158699035645,2539.97241210938,4,0.00215647099863635,0.975581137221324,0.02226239178004,290,1477,7.29844510150815,290,2.58461607304637,3.36915051198145,290,35.4310344827586
"Site 71",11,17.8125,64.4954299926758,31.1414756774902,762,62.3931427001953,1915.97424316406,4,0.0481037544393709,0.944000507356672,0.00789573820395738,291,776,6.65544035036765,291,2.8784929639553,3.80404445866303,291,30.0689655172414
"Site 72",7,17.8374996185303,62.8896903991699,31.1139526367188,763,62.0496025085449,1751.63513183594,4,0.252830547714947,0.730772890171577,0.0163965621134756,292,862,6.76041469108343,292,3.11590014415191,4.11507757993524,292,27.9137931034483
"Site 73",11,17.9750003814697,63.1556549072266,31.1139526367188,790,63.9244728088379,1685.23913574219,4,0.384588552402093,0.583193277310924,0.0322181702869827,293,1004,6.91274282049318,293,2.53169242639473,3.39471882841013,293,26.4464285714286
"Site 74",11,18.158332824707,62.8430099487305,31.2887496948242,814,64.1407623291016,529.417175292969,4,0.0760083713850837,0.896594368340944,0.0273972602739726,294,1013,6.92165818415113,294,2.41074897194382,3.21717512906816,294,24.9827586206897
"Site 75",11,18.1333332061768,63.6158103942871,31.8401832580566,807,63.9372787475586,1064.67456054688,4,0.116035761841354,0.86884154460719,0.0151226935514552,295,890,6.79234442747081,295,2.73988156727691,3.59877176677168,295,23.4736842105263
"Site 76",11,17.966667175293,63.3652229309082,31.707612991333,782,63.4624404907227,1693.31481933594,4,0.31886355709167,0.653327837143672,0.0278086057646574,296,932,6.83840520084734,296,2.85648136395904,3.8082293956452,296,23.9655172413793
"Site 78",11,17.908332824707,62.9513816833496,31.6947422027588,767,62.5640602111816,556.818664550781,4,0.0125285460543009,0.972849530575996,0.0146219233697031,297,611,6.41673228251233,297,2.45558060339185,3.22145828336303,297,27.8103448275862
"Site 79",11,17.8999996185303,63.209587097168,31.6468753814697,764,62.6113624572754,512.757202148438,4,0.255121456206,0.709868713135029,0.0350098306589713,298,714,6.57228254269401,298,2.77262154787839,3.66435148641532,298,27.7090909090909
"Site 80",11,18.125,64.930046081543,32.3227386474609,782,64.1911773681641,740.380432128906,4,0.0631759221084013,0.916653452158193,0.0201706257334052,299,603,6.40357419793482,299,2.63083832821184,3.49538446400172,299,25.5438596491228
"Site 81",11,18.0416660308838,63.0956497192383,32.1117858886719,773,63.0332832336426,1095.67431640625,4,0.130509226964297,0.843807470353225,0.0256833026824783,300,553,6.31716468674728,300,2.96605172689317,4.00435670263259,300,24.4035087719298
"Site 82",11,18.283332824707,63.6872138977051,31.9084625244141,816,65.2656860351562,425.520233154297,4,0.0667596968063176,0.919317497066379,0.0139228061273033,301,803,6.68959926917897,301,2.50264121727411,3.29468264709099,301,22.2105263157895
"Site 86",11,18.2000007629395,65.0174865722656,32.5563011169434,795,64.8322296142578,1026.72290039062,4,0.00507292327203551,0.992263792010146,0.00266328471781864,302,578,6.361302477573,302,2.75367203016796,3.65951685276829,302,25.3035714285714
"Site 88",11,18.1749992370605,64.9300384521484,32.3001289367676,784,64.1411209106445,761.845153808594,4,0.131654881567682,0.831182420648762,0.0371626977835558,303,571,6.3491389913798,303,3.12663077934711,4.16943865033821,303,24.0350877192982
"Site 89",11,18.3624992370605,64.9868698120117,32.2120170593262,816,65.8772048950195,179.568634033203,4,0.101090816844241,0.882102993404363,0.0168061897513952,304,441,6.0913098820777,304,2.89288817687923,3.80939907200908,304,23.4655172413793
"Site 90",11,18.4541664123535,64.8234786987305,32.2120170593262,825,65.3724746704102,348.623657226562,4,0.110547345722078,0.856948056066468,0.0325045982114543,305,421,6.04500531403601,305,2.75594136331261,3.71196352447901,305,22.6379310344828
"Site 85",11,18.091667175293,63.8119926452637,32.2361488342285,780,63.7837715148926,1092.2734375,4,0.00789623898014841,0.989091139722205,0.00301262129764698,306,622,6.43454651878745,306,2.90207540969139,3.83786061530566,306,24.3090909090909
"Site 100",2,17.6749992370605,63.8713035583496,31.3947277069092,719,62.0079002380371,1837.3330078125,4,0.136732623033993,0.846175799086758,0.0170915778792491,307,887,6.78897174299217,307,7.43752208256092,10.3626637010636,307,22.5454545454545
"Site 91",2,17.8916664123535,64.2379379272461,31.6468753814697,758,62.3051872253418,787.460510253906,4,0.573439878234399,0.395896752917301,0.0306633688483004,308,748,6.61873898351722,308,3.27718647073975,4.38746229185675,308,25.3448275862069
"Site 92",2,17.595832824707,64.6830825805664,31.1909980773926,720,59.7814292907715,1314.84692382812,4,0.3503631116608,0.628294168014461,0.0213427203247392,309,672,6.51174532964473,309,5.59324465528974,7.626941185276,309,24.4259259259259
"Site 93",11,17.6333332061768,65.4124450683594,30.9156608581543,727,59.9412231445312,1314.84692382812,4,0.350792644261256,0.610399492707673,0.0388078630310717,310,722,6.58340922215876,310,4.7063374530937,6.34514455545053,310,24.7068965517241
"Site 94",2,17.7250003814697,63.0476036071777,31.3153953552246,726,61.345516204834,871.203308105469,4,0.104859172798782,0.865992133976148,0.0291486932250698,311,705,6.55961523749324,311,3.66769024265232,4.9412198496658,311,22.8103448275862
"Site 95",11,17.7541675567627,64.1538772583008,31.6758117675781,735,61.4163055419922,493.028289794922,4,0.140954495005549,0.836816235928334,0.022229269066117,312,643,6.46769872610435,312,3.44349848960608,4.61312989136384,312,24.0350877192982
"Site 96",11,17.9249992370605,64.5790405273438,32.1896476745605,755,62.133487701416,1245.08447265625,4,0.236215479247915,0.751196930784109,0.0125875899679762,313,621,6.43294009273918,313,3.32308661793826,4.44427598749226,313,24.3448275862069
"Site 97",11,18.0874996185303,65.0567932128906,32.3227386474609,775,64.2036819458008,1205.61218261719,4,0.0177252116561499,0.979769794209976,0.0025049941338745,314,604,6.40522845803084,314,2.64394422680732,3.52557235829151,314,25.3620689655172
"Site 98",11,17.9416675567627,65.1513290405273,32.3373222351074,748,63.1016502380371,668.182434082031,4,0.0756691614867436,0.916687809209692,0.00764302930356463,315,672,6.51174532964473,315,4.73242983157812,6.52628149599341,315,23.2727272727273
"Site 101",11,17.466667175293,63.4010772705078,30.5956935882568,712,58.152229309082,507.896789550781,4,0.121452354526716,0.867100047566196,0.0114475979070874,316,697,6.54821910276237,316,7.02261641922641,9.62795332549577,316,26.625
"Site 104",11,17.0708332061768,64.0829849243164,29.4428291320801,710,57.0177307128906,670.035888671875,4,0.0660491085591016,0.921705475540892,0.0122454159000063,317,762,6.63725803128446,317,7.13466469555405,9.73209549753289,317,32.0166666666667
"Site 105",11,17.1041660308838,64.3307647705078,28.5053825378418,722,57.9562759399414,897.843139648438,NA,0.134656856526703,0.860078650260053,0.00526449321324369,318,765,6.64118216974059,318,4.54293955179048,6.21779182823905,318,33.3
"Site 106",11,17.375,62.867115020752,29.8878364562988,749,59.7680206298828,1021.8798828125,4,0.181019722239838,0.805631301921492,0.0133489758386708,319,829,6.72142570079064,319,4.75254416108382,6.60980701780375,319,33.6071428571429
"Site 107",11,17.4583339691162,63.7763633728027,30.3424758911133,744,59.6415367126465,1007.21105957031,4,0.00409069288092596,0.99308704613921,0.00282226097986364,320,803,6.68959926917897,320,4.36640242721347,5.92108182801326,320,28.9310344827586
"Site 109",11,17.7541656494141,63.5487861633301,30.8366241455078,757,61.7822799682617,179.568634033203,4,0.273355743007547,0.700830849242088,0.0258134077503647,321,742,6.61069604471776,321,3.4198842038548,4.65534752105998,321,26.4363636363636
"Site 110",2,17.7333335876465,63.8653945922852,31.1414756774902,749,61.8022079467773,1254.01708984375,4,0.423597678916828,0.54307638646669,0.0333259346164822,322,759,6.63331843328038,322,3.61561291051026,4.90060993836856,322,28.948275862069
"Site 108",11,17.404167175293,63.9054145812988,30.5122966766357,722,58.9497756958008,1452.00561523438,4,0.0948530111311959,0.889163733231852,0.0159832556369518,323,762,6.63725803128446,323,4.84089317476068,6.60008184550941,323,27.7758620689655
"Site 102",6,17.095832824707,63.3338203430176,30.3355598449707,690,56.8698768615723,1812.87036132812,4,0.0968703427719821,0.882772616291974,0.0203570409360434,324,775,6.65415252018322,324,8.45668324587468,11.5321742772012,324,30.1166666666667
"Site 111",11,17.5666675567627,63.8297958374023,30.5122966766357,743,60.6419525146484,1196.31823730469,4,0.0386530107492786,0.951580683007261,0.00976630624346006,325,787,6.66949808985788,325,5.17464516368963,6.97522179555085,325,29.3275862068966
"Site 112",11,17.7666664123535,64.6787033081055,30.8789310455322,771,61.8544464111328,944.95263671875,4,0.00066588451659955,0.99578273139487,0.00355138408853093,326,947,6.85435450225502,326,2.75054306276089,3.64667349299364,326,31.0689655172414
"Site 113",11,17.8291664123535,63.2979354858398,30.8659076690674,789,61.7202186584473,422.595672607422,4,0.000285370029805314,0.996385312955799,0.00332931701439533,327,1368,7.22183582528845,327,2.78861583715485,3.73481030935586,327,28.5762711864407
"Site 114",11,17.9458332061768,63.6202545166016,30.9898929595947,798,62.4798240661621,529.417175292969,4,0.000665863402879067,0.995941404020547,0.00339273257657429,328,1187,7.08002649992259,328,2.83980805163913,3.74385423749407,328,30.1785714285714
"MIO_01",11,20.6749992370605,153.215530395508,33.8707580566406,716,112.482414245605,35494.75390625,2,0.449232623033993,0.525526382546931,0.0252409944190766,329,6,1.94591014905531,329,3.97952593809591,5.23825814115907,329,23.551724137931
"MIO_02",11,20.7666664123535,150.368240356445,33.9555435180664,715,112.373222351074,32599.15625,2,0.470446473871131,0.509544647387113,0.0200088787417555,330,5,1.79175946922805,330,3.03419113902612,4.00139175842856,330,23.1551724137931
"MIO_03",2,20.6041660308838,155.175247192383,33.8405952453613,716,112.47582244873,30113.62890625,2,0.825954585817582,0.156127108968667,0.0179183052137511,331,9,2.30258509299405,331,3.19305100126087,4.12322974839591,331,21.9642857142857
"MIO_04",11,20.4583339691162,159.342880249023,32.8689804077148,717,112.518280029297,27136.443359375,2,0.637980784475378,0.339284015600723,0.0227351999238989,332,10,2.39789527279837,332,2.97790941250459,3.87886831452209,332,23
"MIO_05",2,20.2708339691162,160.134307861328,32.361141204834,718,112.908744812012,25120.115234375,2,0.811402118079777,0.178578223095948,0.0100196588242755,333,8,2.19722457733622,333,2.57498633404664,3.3577524153475,333,23.5689655172414
"MIO_06",2,19.9541664123535,164.985641479492,31.0221157073975,728,112.672912597656,25442.0703125,2,0.663030725814123,0.319624567967784,0.017344706218093,334,5,1.79175946922805,334,3.56040169909225,4.61072482828919,334,23.8545454545455
"MIO_07",2,19.9249992370605,167.162155151367,30.5529537200928,725,113.616500854492,26245.009765625,2,0.704554103767601,0.277813015349486,0.0176328808829126,335,8,2.19722457733622,335,3.18573956852084,4.09089909167716,335,22.9821428571429
"MIO_08",2,20.6041660308838,155.336273193359,31.5033664703369,723,113.520095825195,39588.671875,2,0.97986492056949,0.0165202777689698,0.00361480166154041,336,3,1.38629436111989,336,2.50216543218002,3.16011376910431,336,21.1636363636364
"MIO_09",2,20.5375003814697,152.853530883789,33.3684768676758,716,113.518516540527,37412.6796875,2,0.369097079065047,0.602581586375313,0.0283213345596397,337,4,1.6094379124341,337,3.18721577594394,4.15148434652879,337,22.7241379310345
"MIO_10",2,20.158332824707,164.701309204102,31.4475421905518,722,112.64128112793,23076.115234375,2,0.97564842412328,0.0197539476187456,0.00459762825797451,338,3,1.38629436111989,338,3.19675744801455,4.1028870002918,338,25.2586206896552
"MIO_11",2,19.6708335876465,164.971862792969,28.5931930541992,732,113.540306091309,29101.966796875,2,0.971685849265988,0.0272361203589207,0.00107803037509116,339,11,2.484906649788,339,5.73501253409907,7.44603759053845,339,23.6607142857143
"MIO_12",11,20.6916675567627,152.759948730469,33.458610534668,716,112.495582580566,38610.46875,2,0.723383337033396,0.265294472106816,0.0113221908597888,340,0,0,340,2.87094302531283,3.68145244365744,340,21.6551724137931
"MIO_13",11,20.591667175293,152.655792236328,33.3684768676758,719,112.885932922363,36254.19140625,2,0.226939785014427,0.753051970701081,0.0200082442844912,341,5,1.79175946922805,341,6.06417985165488,8.35045218377271,341,24.5614035087719
"MIO_14",11,20.2749996185303,154.132446289062,32.4485855102539,718,113.000091552734,32855.92578125,2,0.192668696093354,0.799340436326738,0.00799086757990868,342,7,2.07944154167984,342,8.05437849430052,10.7691124385022,342,26.0172413793103
"MIO_15",11,20.8999996185303,152.181106567383,34.1370544433594,709,112.362083435059,33087.58984375,2,0.66590534196168,0.318360614135262,0.015734043903058,343,5,1.79175946922805,343,2.48663667340731,3.11021566349224,343,22.6181818181818
"MIO_16",11,20.7333335876465,156.73274230957,33.6512069702148,709,112.679885864258,28371.189453125,2,0.353002726869174,0.630540934745387,0.0164563383854398,344,8,2.19722457733622,344,2.51783801052439,3.18028401478738,344,22.7368421052632
"MIO_17",11,20.8791675567627,149.76432800293,33.9492378234863,710,112.796600341797,35114.9140625,2,0.742564525334517,0.246527997970702,0.0109074766947809,345,5,1.79175946922805,345,2.94740355108609,3.80632766166743,345,22.0727272727273
"MIO_18",9,20.4458332061768,157.501205444336,32.3884048461914,725,112.445899963379,29919.521484375,2,0.4642925096721,0.517726897951417,0.0179805923764825,346,7,2.07944154167984,346,3.57343605078773,4.63518688865136,346,24.3
"MIO_19",2,19.7041664123535,168.056503295898,28.5312423706055,732,113.392318725586,26905.859375,2,0.92675270317405,0.063290737863462,0.00995655896248851,347,8,2.19722457733622,347,3.50430674299174,4.64983338310658,347,22.1724137931034
"MIO_20",2,20.0583343505859,168.453308105469,30.8614940643311,726,112.725166320801,23108.982421875,2,0.794582249571782,0.191175537651462,0.0142422127767557,348,0,0,348,4.57162240012598,5.95659100633797,348,24.8448275862069
"MIO_21",11,20.7666664123535,168.810470581055,32.1250762939453,717,112.046607971191,20700.298828125,2,0.0994450610432852,0.879530680196607,0.0210242587601078,349,0,0,349,6.43528253185213,8.59008742675068,349,23.3728813559322
"MIO_22",11,20.2749996185303,166.24870300293,31.0367450714111,711,113.28636932373,21221.44140625,2,0.908257753535866,0.0828629415868586,0.00887930487727532,350,3,1.38629436111989,350,3.96462656939059,5.19134802801606,350,24.5964912280702
"MIO_23",11,20.4500007629395,160.411407470703,32.2569351196289,719,112.557762145996,27034.978515625,2,0.298817412257062,0.680035509337053,0.0211470784058844,351,5,1.79175946922805,351,3.06594965786386,4.03721885047408,351,24.2
"MIO_24",4,20.220832824707,162.529144287109,30.6756496429443,726,112.697441101074,26950.25390625,2,0.458869791336335,0.525591425128433,0.0155387835352318,352,5,1.79175946922805,352,3.99318648051195,5.30249336986464,352,25.7413793103448
"MIO_25",11,20.4208335876465,164.958084106445,32.2947006225586,711,112.727912902832,22143.75,2,0.684687826996861,0.294701461775058,0.0206107112280813,353,6,1.94591014905531,353,2.47668180346178,3.11405397004296,353,23.3684210526316
"MIO_26",2,20.5874996185303,158.732559204102,33.5218734741211,718,112.247581481934,27213.615234375,2,0.607693283440096,0.362529333417898,0.0297773831420055,354,8,2.19722457733622,354,2.89335556775029,3.78245584951534,354,22.8275862068966
"RGI_01",2,22.1708335876465,143.217224121094,34.3295364379883,615,112.548324584961,713.075866699219,4,0.853595890410959,0.125634195839675,0.0207699137493658,355,0,0,355,3.2462972118273,4.27548448145129,355,23.3965517241379
"RGI_02",11,22.216667175293,142.036056518555,34.431884765625,606,112.799263000488,1970.22570800781,4,0.834686627759452,0.149644760213144,0.0156686120274042,356,0,0,356,3.05267661234195,3.97300230024572,356,23.6666666666667
"RGI_03",2,22.0750007629395,141.075408935547,34.5745697021484,607,112.395225524902,5904.798828125,4,0.800513698630137,0.186041349568747,0.0134449518011162,357,0,0,357,2.8982914091367,3.75371450664074,357,21.5818181818182
"RGI_04",11,22.1416664123535,141.515060424805,34.5602188110352,610,112.538856506348,3524.44702148438,4,0.558339412007231,0.421141099235673,0.0205194887570962,358,0,0,358,2.89694982006876,3.8025574692494,358,21.2456140350877
"RGI_05",2,22.0375003814697,144.176742553711,34.1286163330078,604,112.83219909668,8945.3583984375,4,0.873933859665811,0.115793144995085,0.010272995339104,359,0,0,359,2.36588603388083,3.00758261160063,359,21.1206896551724
"RGI_06",2,21.8083324432373,141.659530639648,33.939811706543,615,114.06770324707,5338.95947265625,4,0.985026805824319,0.0126574247374933,0.00231576943818799,360,5,1.79175946922805,360,2.70487455942901,3.42664691085392,360,22.0338983050847
"RGI_07",2,22.1499996185303,142.334442138672,34.5308113098145,615,112.189758300781,1007.21105957031,4,0.843862987630828,0.140215667618141,0.0159213447510308,361,5,1.79175946922805,361,2.96668068552228,3.90915857706101,361,22.7413793103448
"RGI_08",9,21.8999996185303,142.174652099609,33.9463233947754,615,112.770011901855,6100.65966796875,4,0.897704211060375,0.0895167427701674,0.0127790461694571,362,5,1.79175946922805,362,2.80566164186128,3.65541906649179,362,22.4
"RGI_09",2,21.7916660308838,140.79052734375,33.6676902770996,622,112.254653930664,5677.8037109375,4,0.917110603754439,0.0737886859462202,0.00910071029934044,363,5,1.79175946922805,363,2.77769630599602,3.51843236740902,363,21.6206896551724
"RGI_10",2,21.9500007629395,140.825500488281,33.5484886169434,624,112.553855895996,848.120971679688,4,0.966863267376966,0.0302194317605276,0.00291730086250634,364,5,1.79175946922805,364,2.93293894550562,3.79234882499317,364,22.1724137931034
"RGI_11",11,21.9291667938232,140.655258178711,33.771125793457,634,111.215148925781,1956.96228027344,4,0.787012081047658,0.192947965881346,0.020039953070996,365,5,1.79175946922805,365,3.41113395547308,4.47502813110708,365,22.7017543859649
"RGI_12",2,22.1166667938232,144.510665893555,34.2997055053711,599,112.926780700684,9642.453125,4,0.780522610515634,0.19851588761337,0.0209615018709964,366,0,0,366,2.69024960906488,3.48236237195801,366,21.75
"RGI_13",11,22.0166664123535,143.595596313477,34.1677856445312,602,112.777160644531,12959.6015625,4,0.710375233926476,0.275065816601643,0.0145589494718812,367,0,0,367,2.38608426104963,3.06814488866789,367,22.0689655172414
"RGI_14",2,21.970832824707,143.62922668457,33.9785995483398,607,112.61083984375,9896.345703125,4,0.916989029107743,0.0776840636692244,0.00532690722303253,368,0,0,368,2.18800046429937,2.8023698401667,368,21.8103448275862
"RGI_15",11,21.7625007629395,144.664581298828,32.0693702697754,621,112.223426818848,9496.91796875,4,0.975172020166788,0.0192472334083775,0.00558074642483432,369,0,0,369,4.89061886157129,6.15521149455927,369,22.1071428571429
"RGI_16",2,21.4833335876465,145.841339111328,30.3870964050293,617,112.656463623047,13427.8076171875,4,0.979072200906871,0.0172812886450836,0.00364651044804515,370,0,0,370,6.48177315322398,8.83824526276026,370,23.2545454545455
"RGI_17",2,21.2541675567627,143.518417358398,31.4115257263184,620,112.745147705078,12275.69921875,4,0.97543036489871,0.0203848714453286,0.0041847636559617,371,0,0,371,9.08969015808261,12.1645473953581,371,23.6315789473684
"RGI_18",2,21.4125003814697,142.687271118164,31.4162368774414,616,112.585159301758,16127.22265625,4,0.868970984620263,0.124020929126368,0.00700808625336927,372,0,0,372,8.18537161317588,11.4178623306417,372,23.1379310344828
"RGI_19",2,21.8958339691162,143.771575927734,33.7694473266602,603,112.674575805664,16190.3115234375,4,0.731282701759949,0.257111146345331,0.0116061518947202,373,0,0,373,2.64537864599934,3.43215683246097,373,23.5344827586207
"RGI_20",2,21.654167175293,145.155990600586,32.5536956787109,608,112.679962158203,17829.33203125,4,0.948506563510686,0.0435030756547657,0.0079903608345488,374,0,0,374,5.58839292468697,7.53556023189159,374,23.2241379310345
"RGI_21",2,22.2416667938232,143.032638549805,35.0863723754883,595,112.707275390625,8353.3193359375,4,0.312771558149123,0.667914116266531,0.0193143255843456,375,0,0,375,2.02897739350912,2.58396381016195,375,22.7272727272727
"RGI_22",11,22.2416667938232,143.587692260742,34.6266403198242,611,112.152778625488,901.977600097656,4,0.350781522462826,0.631305285184363,0.0179131923528106,376,0,0,376,2.94821890058843,3.8402630148474,376,23.1333333333333
"RGI_23",11,21.9958324432373,142.533233642578,34.5154151916504,609,113.075752258301,5495.5498046875,4,0.834649414898678,0.149589319125995,0.0157612659753274,377,0,0,377,2.9378177904178,3.78700632353479,377,20.6551724137931
"RGI_24",11,22.029167175293,140.622940063477,33.9531669616699,627,111.100448608398,5931.6220703125,4,0.803292207174347,0.179612420311459,0.0170953725141933,378,5,1.79175946922805,378,2.85024591868651,3.61196521849408,378,22.4181818181818
"RGI_25",2,21.9874992370605,140.261535644531,35.3787422180176,611,112.432113647461,9021.150390625,4,0.452170328799264,0.533910396651764,0.0139192745489711,379,5,1.79175946922805,379,2.16455546975581,2.68895519631498,379,26.7068965517241
"RGI_26",11,22.0166664123535,140.507751464844,34.3850135803223,615,112.994201660156,11907.9033203125,4,0.501855081655304,0.487553511970826,0.0105914063738703,380,0,0,380,2.17774085122621,2.7466024774029,380,24.2727272727273
"RGI_27",2,21.6416664123535,144.030212402344,31.5772037506104,611,112.638916015625,13403.0322265625,4,0.885407085540296,0.103999492530686,0.0105934219290177,381,0,0,381,3.03692122051897,3.91234411738572,381,23.8103448275862
"RGI_28",2,21.5375003814697,142.432205200195,34.0300903320312,615,112.758193969727,8859.1240234375,4,0.971270017440939,0.0255589028064056,0.00317107975265578,382,5,1.79175946922805,382,4.28374575309265,5.5976499077596,382,21.7758620689655
"RGI_29",2,21.6833324432373,140.378295898438,33.6453437805176,606,113.366073608398,14721.9326171875,4,0.766340024735991,0.22344845082929,0.0102115244347192,383,0,0,383,1.88497795994418,2.37306209369297,383,22.7857142857143
"RGI_30",2,21.5416660308838,143.524353027344,32.8002548217773,609,112.639617919922,17743.21875,4,0.968511178056128,0.0265736483272554,0.00491517361661646,384,0,0,384,4.2131900582187,5.41878214850587,384,24
"RGI_31",11,22.283332824707,143.231140136719,35.7074241638184,597,111.775398254395,8482.525390625,4,0.161112344230586,0.831277547008276,0.00761010876113771,385,0,0,385,2.03951280592129,2.56651546518332,385,24.1333333333333
"RGI_32",2,21.529167175293,139.666107177734,32.87060546875,639,112.069885253906,3904.08935546875,4,1,0,0,386,5,1.79175946922805,386,7.01287817852828,9.43973669494254,386,23.1090909090909
"RGI_33",11,22.2749996185303,143.851257324219,35.1522445678711,601,112.910621643066,1517.98217773438,4,0.354535941909503,0.621143418841361,0.0243206392491359,387,0,0,387,2.87169245138375,3.72513363899768,387,24.4363636363636
"RGI_34",2,21.5499992370605,144.348068237305,32.2676620483398,610,112.041656494141,18848.126953125,4,1,0,0,388,0,0,388,3.58887462761539,4.82142187014858,388,22.4821428571429
"RGI_35",2,21.8958339691162,141.990036010742,33.7341690063477,624,112.317832946777,3496.89233398438,4,0.99514886331209,0.00351945210691525,0.00133168458099496,389,5,1.79175946922805,389,3.78997308891661,5.00968463672787,389,21.9827586206897
"RGI_36",11,21.9500007629395,141.163986206055,34.1907119750977,621,112.47932434082,10609.990234375,4,0.876522070015221,0.113616184677829,0.00986174530695079,390,0,0,390,2.29537600162135,2.85628203011115,390,21.7241379310345
"RGI_37",11,22.2916660308838,143.175582885742,35.2671508789062,603,112.111022949219,2271.92944335938,4,0.291888635210553,0.678209030948757,0.02990233384069,391,0,0,391,2.563333167204,3.31881631050299,391,26.1454545454545
"RGI_38",11,21.9291667938232,139.617309570312,35.2091217041016,605,113.006301879883,13298.994140625,4,0.397317606772567,0.596055677098196,0.00662671612923682,392,0,0,392,1.74905539379688,2.14924449068115,392,24.5666666666667
"RGI_39",11,22.2374992370605,141.728378295898,35.1791725158691,599,112.444442749023,5280.09765625,4,0.539895978688317,0.451446149942915,0.00865787136876824,393,0,0,393,2.15423487608286,2.73421087334626,393,24.2321428571429
"RGI_40",2,21.8791675567627,143.439224243164,33.5013275146484,609,112.859397888184,12662.208984375,4,0.914760650953272,0.0777844748279034,0.00745487421882435,394,0,0,394,2.23863571200956,2.87452370875155,394,20.8571428571429
"RNP_01",11,22.3083324432373,164.452713012695,35.3583374023438,639,108.033714294434,3188.97216796875,2,0.0785401737586404,0.910932842919652,0.0105269833217071,395,208,5.34233425196481,395,4.64051492728552,6.10507772961615,395,20.5689655172414
"RNP_02",2,22.2458343505859,165.43962097168,34.9843635559082,629,108.643287658691,3586.18896484375,2,0.379800221975583,0.594767718408118,0.0254320596162993,396,272,5.60947179518496,396,2.8545197654575,3.65901897943508,396,17.7931034482759
"RNP_03",11,22.345832824707,163.699523925781,35.000904083252,627,108.057647705078,4944.60009765625,2,0.0903786389294095,0.902644764381303,0.00697659668928775,397,259,5.56068163101553,397,2.8300671253006,3.48153318959723,397,20.0172413793103
"RNP_04",11,22.3666667938232,162.96028137207,34.7662391662598,621,108.282264709473,6100.0498046875,2,0.475997209715264,0.513602638087387,0.0104001521973492,398,268,5.59471137960184,398,2.70513412261244,3.40747842615909,398,20.2142857142857
"RNP_05",11,22.5208339691162,162.878341674805,35.2317657470703,620,107.805587768555,7464.69384765625,2,0.481560171238307,0.503947994292057,0.0144918344696369,399,270,5.6021188208797,399,2.79741900977086,3.63481757701365,399,20.3508771929825
"RNP_06",11,22.470832824707,162.766693115234,35.1417922973633,611,108.050926208496,7196.8896484375,2,0.211225622324401,0.77973680038053,0.00903757729506897,400,91,4.52178857704904,400,2.64466242608229,3.46099386346156,400,20.8275862068966
"RNP_07",2,22.4458332061768,160.389556884766,34.766918182373,608,108.422698974609,5304.70263671875,2,0.592034752830009,0.382725053112217,0.0252401940577734,401,28,3.36729582998647,401,6.1589861977192,8.24455049364792,401,20.9642857142857
"RNP_08",11,22.779167175293,159.608322143555,38.0490570068359,603,107.698974609375,2606.95825195312,2,0.195117311350666,0.791154090044388,0.0137285986049461,402,53,3.98898404656427,402,2.04084197762451,2.55066868077929,402,21.6896551724138
"RNP_09",11,22.8250007629395,158.580352783203,37.4081230163574,600,107.925750732422,647.443908691406,2,0.319505233111323,0.652775134792261,0.0277196320964161,403,61,4.12713438504509,403,2.09144466688167,2.68355413412408,403,21.8448275862069
"RNP_10",7,22.8291664123535,156.908462524414,37.2046890258789,600,107.776679992676,3472.3349609375,2,0.818873668188737,0.171296296296296,0.00983003551496702,404,99,4.60517018598809,404,1.97793795570126,2.48690640995911,404,20.4333333333333
"RNP_11",2,22.8166675567627,157.355041503906,35.9090309143066,600,107.838272094727,5028.16845703125,2,0.886189947677184,0.107658157602664,0.00615189472015221,405,182,5.20948615284142,405,2.27123485107384,2.95714209340785,405,20.2068965517241
"RNP_12",6,22.9291667938232,158.59407043457,36.132625579834,605,107.514183044434,8167.75390625,2,0.510575550975107,0.473981290629459,0.0154431583954336,406,647,6.47389069635227,406,2.17123362775589,2.72445267948791,406,21.8103448275862
"RNP_13",2,22.8958339691162,158.59407043457,36.6566467285156,612,107.454780578613,7764.376953125,2,0.264823387659332,0.704863973619126,0.0303126387215423,407,824,6.71538338633468,407,2.20214474981479,2.73707629615699,407,22.1016949152542
"RNP_14",11,22.875,161.040649414062,36.9269371032715,621,107.22713470459,7654.18115234375,2,0.183810006975712,0.797862895554569,0.0183270974697191,408,1202,7.09257371597468,408,2.10378293434611,2.65868363651916,408,23.4
"RNP_15",2,22.4500007629395,164.275268554688,35.5205001831055,641,107.461219787598,1008.44158935547,2,0.524353120243531,0.458491882293252,0.0171549974632166,409,399,5.99146454710798,409,2.37869988839402,2.97467051704794,409,20.3103448275862
"RNP_16",2,22.5208339691162,164.737487792969,34.4786262512207,635,107.548583984375,199.213516235352,2,0.920381761684317,0.0670936647853383,0.0125245735303443,410,1024,6.93244789157251,410,2.17592239728473,2.71384431267787,410,20.0172413793103
"RNP_17",11,22.5750007629395,161.463485717773,35.611400604248,644,106.829986572266,2223.37353515625,2,0.587871483396238,0.391068540074217,0.0210599765295442,411,1105,7.00850518208228,411,1.95365966034972,2.45913391825477,411,18.9642857142857
"RNP_18",11,22.5791664123535,165.384643554688,33.5214576721191,627,107.79029083252,1093.408203125,2,0.621793042209749,0.367044049091428,0.0111629086988235,412,1095,6.99942246750796,412,1.78409784668644,2.23853594276717,412,20.5084745762712
"RNP_19",2,22.654167175293,163.949264526367,35.5218086242676,628,107.414405822754,2789.43383789062,2,0.796574690770695,0.184617824294323,0.0188074849349826,413,1609,7.38398945797851,413,1.84414969821598,2.282125027547,413,20.6551724137931
"RNP_20",2,22.7458343505859,161.631729125977,35.6144561767578,632,106.945167541504,4879.96875,2,0.381219674626582,0.609298195541179,0.00948212983223924,414,1856,7.52671756135271,414,2.04826350661988,2.55620947849796,414,20.8928571428571
"RNP_21",11,22.8500003814697,159.630264282227,36.3582572937012,622,107.306282043457,8117.7978515625,2,0.372261153565653,0.60903066239655,0.0187081840377969,415,1717,7.4489161025442,415,2.46352856240206,3.08824372639926,415,21.8833333333333
"RNP_22",11,22.904167175293,159.565582275391,36.9836387634277,617,107.387519836426,9514.921875,2,0.371825359079235,0.612384666603253,0.0157899743175117,416,1403,7.24708058458576,416,2.12049061540948,2.65850801590304,416,23.5
"RNP_23",11,22.9958324432373,156.516891479492,36.5752601623535,605,107.302879333496,6619.5419921875,2,0.346969841118828,0.616940982462817,0.0360891764183554,417,828,6.7202201551353,417,2.32381111440844,3.00506646911639,417,21.6379310344828
"RNP_24",2,22.7416667938232,156.594940185547,35.9460601806641,600,108.136047363281,8130.3154296875,2,0.706313219393094,0.275263975647652,0.0184228049592542,418,582,6.36818718635049,418,3.7195307876645,4.9506560220215,418,19.8620689655172
"RNP_25",2,22.8041667938232,161.448837280273,37.2349662780762,625,106.878295898438,5591.5244140625,2,0.285157117037131,0.692995529061103,0.0218473539017662,419,1407,7.24992553671799,419,1.94902959047656,2.38746534870149,419,22.6206896551724
"RNP_26",11,22.6791667938232,164.378433227539,35.9825439453125,629,107.134254455566,3541.99731445312,2,0.521040114158871,0.451022673220231,0.0279372126208974,420,1358,7.21450441415114,420,1.82167250005902,2.24464898407285,420,20.551724137931
"RNP_27",2,22.9375,159.118667602539,35.9487152099609,589,107.852088928223,4094.79467773438,2,0.798737950279046,0.194729832572298,0.0065322171486555,421,774,6.65286302935335,421,1.67795719072405,2.08530173941102,421,19.8474576271186
"RNP_28",11,23.1208324432373,159.835968017578,36.4118576049805,586,107.835739135742,253.948394775391,2,0.442950466163506,0.520136994989535,0.0369125388469588,422,447,6.10479323241498,422,2.27602308237512,2.90930517435769,422,22.551724137931
"RNP_29",3,22.9416656494141,158.671081542969,36.4804573059082,590,107.952278137207,519.962524414062,2,0.383483911871929,0.60063401489935,0.0158820732287209,423,179,5.19295685089021,423,2.23787580017267,2.88534677654609,423,21.6181818181818
"RNP_30",2,22.966667175293,159.392791748047,36.9877433776855,591,107.844352722168,1848.77221679688,2,0.668633235004916,0.303771370571256,0.0275953944238272,424,393,5.97635090929793,424,2.34891268557276,3.00430482078412,424,20.8620689655172
"RNP_31",2,22.8666667938232,157.355041503906,36.0600242614746,598,108.051383972168,5025.20751953125,2,0.929950848263834,0.0612018392262565,0.00884731250990962,425,139,4.9416424226093,425,2.56484047021307,3.27734287756049,425,20.4310344827586
"RNP_32",11,22.7999992370605,160.071014404297,38.6446304321289,611,106.924430847168,4170.41943359375,2,0.0981735159817352,0.890379249112126,0.011447234906139,426,92,4.53259949315326,426,1.88636329783643,2.31999736547609,426,24.0877192982456
"RNP_33",11,22.7666664123535,161.658096313477,37.2283477783203,621,106.995323181152,7779.5361328125,2,0.144691780821918,0.834855403348554,0.0204528158295282,427,675,6.51619307604296,427,1.93446926388946,2.39511005870787,427,25.6727272727273
"RNP_34",11,22.6291675567627,163.449432373047,35.7001571655273,625,107.257965087891,5421.2529296875,2,0.425256015979202,0.55898671570337,0.0157572683174281,428,714,6.57228254269401,428,1.75450081074569,2.21890174191166,428,22.7413793103448
"RNP_35",11,22.8500003814697,159.601791381836,38.1125869750977,597,107.578811645508,2650.83129882812,2,0.0918690936766665,0.907528382063804,0.000602524259529397,429,89,4.49980967033027,429,1.7446392529126,2.16898024569036,429,23.9655172413793
"RNP_36",2,22.470832824707,164.792678833008,35.0893058776855,627,108.324348449707,3138.00805664062,2,0.716251783732361,0.267670841921674,0.0160773743459648,430,698,6.54965074223381,430,2.24686647971067,2.78547531359393,430,20.5438596491228
"RNP_37",11,22.5708332061768,165.370895385742,34.390022277832,633,107.225738525391,1842.72497558594,2,0.429944183686414,0.559875681847013,0.0101801344665736,431,1029,6.93731408122368,431,2.01364753688391,2.53895205967204,431,20.6206896551724
"RNP_38",11,22.4874992370605,166.311935424805,34.7982521057129,638,107.310569763184,1725.95825195312,2,0.605606113454038,0.375939372800203,0.0184545137457589,432,800,6.68586094706836,432,2.205917222686,2.76633644270682,432,19.8965517241379
"RNP_39",11,22.8541660308838,159.651016235352,35.9273147583008,607,107.748641967773,7552.5634765625,2,0.367987060353303,0.598997811677397,0.0330151279693001,433,836,6.72982407048948,433,3.76247579755008,4.89975298838953,433,20.6949152542373
"RNP_40",2,22.8374996185303,159.745895385742,38.6452255249023,611,107.217391967773,6346.169921875,2,0.199289497890697,0.779141688076886,0.0215688140324167,434,211,5.35658627467201,434,2.0366481686629,2.50819392963047,434,23.8103448275862
"RNP_41",11,22.466667175293,165.602661132812,35.5205001831055,638,107.310569763184,1135.69177246094,2,0.351185946220193,0.627536783358701,0.021277270421106,435,403,6.00141487796115,435,2.56033333296086,3.18033524872298,435,20.3793103448276
"RNP_42",11,22.8875007629395,157.79914855957,36.132625579834,610,107.91584777832,9313.2314453125,2,0.35136334812936,0.630247305009512,0.0183893468611287,436,891,6.79346613258001,436,2.62193671171871,3.36953864474668,436,21.5344827586207
"RNP_43",11,23.0375003814697,156.526580810547,36.7994232177734,597,108.213455200195,4904.55810546875,2,0.228581393874057,0.745354810070391,0.026063796055552,437,862,6.76041469108343,437,4.99217271126541,6.84125468678718,437,22.2758620689655
"RNP_44",11,22.8583335876465,158.441772460938,36.7406044006348,600,107.941940307617,3249.83715820312,2,0.3714648065948,0.623493975903614,0.00504121750158529,438,88,4.48863636973214,438,1.83159618250118,2.26831670556968,438,22.5
"RNP_45",11,22.8583335876465,156.91389465332,35.2028732299805,600,107.877159118652,6578.94921875,2,0.765284119736174,0.224378488077118,0.0103373921867073,439,455,6.12249280951439,439,2.4145434760714,3.09068832775704,439,20.125
"WMA_01",2,23.125,151.650024414062,34.4834823608398,523,107.201461791992,9071.599609375,NA,0.998890192472334,0.000792719662618512,0.000317087865047405,440,1418,7.25770767716004,440,1.76114174384059,2.12898071395923,440,23.3103448275862
"WMA_02",2,23.091667175293,151.909561157227,35.1354789733887,531,107.27237701416,8737.7607421875,NA,0.497368421052632,0.475301204819277,0.0273303741280913,441,587,6.37672694789863,441,2.19891558655028,2.82375995304177,441,21.6896551724138
"WMA_03",2,22.9375,153.521179199219,35.2876243591309,530,107.746551513672,7371.06787109375,6,0.716994894237783,0.262391780039958,0.0206133257222592,442,374,5.92692602597041,442,2.97521768791036,3.86712083521463,442,20.7678571428571
"WMA_04",2,22.8624992370605,154.906509399414,34.3705215454102,538,107.720985412598,6873.04638671875,6,0.848432000507341,0.142087072327742,0.0094809271649174,443,237,5.47227067367148,443,2.75685095550525,3.57608021537393,443,22.9655172413793
"WMA_05",2,23.5375003814697,154.935836791992,37.5262565612793,500,107.999160766602,3099.83520507812,6,0.716700494735507,0.27537105163009,0.00792845363440315,444,39,3.68887945411394,444,2.3513840501224,3.06167480326019,444,22.6379310344828
"WMA_06",11,23.5750007629395,155.146560668945,36.778865814209,507,107.847305297852,2154.82373046875,6,0.139898509356169,0.850523311132255,0.00957817951157628,445,46,3.85014760171006,445,3.658327328172,4.83990444696203,445,23.2631578947368
"WMA_07",11,23.7250003814697,156.095840454102,37.3665924072266,510,108.068206787109,563.460876464844,6,0.194944817962705,0.734428517062032,0.0706266649752632,446,46,3.85014760171006,446,2.84495974126701,3.71240986179902,446,24.7321428571429
"WMA_08",11,23.3208332061768,155.876663208008,37.5409126281738,518,107.890937805176,3151.81030273438,6,0.26952356784876,0.714997145213475,0.0154792869377657,447,15,2.77258872223978,447,3.70080953515958,4.87797627867851,447,22.0877192982456
"WMA_09",11,23.2875003814697,158.115661621094,37.0916213989258,527,107.392265319824,3545.84643554688,6,0.270429681306485,0.716251783732361,0.0133185349611543,448,7,2.07944154167984,448,3.05889989581688,4.0071183519945,448,20.0689655172414
"WMA_10",2,23.2916660308838,158.039611816406,36.0404205322266,525,107.601142883301,3804.9912109375,6,0.979103909693376,0.0182325522402258,0.0026635380663982,449,13,2.63905732961526,449,2.01157371155503,2.61485937613852,449,22.1071428571429
"WMA_11",11,23.4125003814697,156.192260742188,37.5878067016602,513,108.180290222168,2540.46044921875,6,0.506833676866973,0.482955446329475,0.0102108768035516,450,46,3.85014760171006,450,3.4212207086979,4.46726095940713,450,22.3965517241379
"WMA_12",11,23.7000007629395,157.422424316406,37.9633140563965,517,107.894004821777,777.953674316406,6,0.23728437341451,0.663337138508371,0.0993784880771182,451,46,3.85014760171006,451,2.28521605078813,2.94551396939914,451,26.5084745762712
"WMA_13",11,23.654167175293,156.778045654297,37.8322525024414,519,108.290908813477,222.727478027344,6,0.115251657099363,0.777742539088516,0.107005803812121,452,15,2.77258872223978,452,3.03470427733799,3.87113423213781,452,24.3157894736842
"WMA_14",11,23.7416667938232,156.246215820312,37.911003112793,501,108.294128417969,1230.05261230469,6,0.144809869652088,0.851669785290666,0.00352034505724525,453,46,3.85014760171006,453,1.9665769568437,2.52779116888116,453,26.6206896551724
"WMA_15",11,23.7124996185303,154.789093017578,38.5718994140625,502,107.295288085938,3769.62548828125,6,0.0155046133358699,0.982751513998541,0.00174387266558864,454,94,4.55387689160054,454,1.95728402086519,2.44947694958528,454,25.7413793103448
"WMA_16",11,23.7708339691162,154.028610229492,38.4004135131836,497,107.880165100098,4305.61669921875,6,0.0582545823555527,0.935878734064819,0.00586668357962834,455,153,5.03695260241363,455,1.77704620333409,2.18217023139517,455,27.3793103448276
"WMA_17",11,23.8666667938232,153.879104614258,36.9955177307129,490,108.972305297852,268.199401855469,6,0.165815760266371,0.755509751070239,0.0786744886633899,456,44,3.80666248977032,456,2.09224011089,2.70340329252066,456,26.9137931034483
"WMA_18",11,23.7541675567627,155.628616333008,38.8403015136719,501,107.524299621582,1948.06982421875,6,0,1,0,457,39,3.68887945411394,457,2.36907424018756,3.05278049045139,457,26.2
"WMA_19",11,23.783332824707,153.21305847168,38.9682121276855,493,108.233093261719,2218.90673828125,6,0.0087527352297593,0.989439634668443,0.00180763010179812,458,111,4.71849887129509,458,2.20925329795719,2.81236565844627,458,26.3103448275862
"WMA_20",11,23.7916660308838,155.019546508789,37.6569328308105,485,108.666343688965,1326.11730957031,6,0,1,0,459,106,4.67282883446191,459,2.31584415162236,2.97871369093891,459,25.0508474576271
"WMA_21",11,23.5625,153.994155883789,37.4950904846191,509,107.327011108398,6837.77001953125,6,0.0504819888381532,0.944698122780315,0.00481988838153222,460,128,4.85981240436167,460,1.90411598935823,2.3916912006504,460,23
"WMA_22",3,23.2749996185303,148.912719726562,34.7860794067383,515,107.174728393555,7821.66796875,6,0.653665651953323,0.332604008117707,0.0137303399289701,461,1761,7.47420480649612,461,1.94998428657927,2.40727942759596,461,22.4137931034483
"WMA_23",2,23.404167175293,150.77766418457,34.9669494628906,512,107.157836914062,10120.875,6,0.952246567523861,0.0450264768367315,0.00272695563940768,462,457,6.12686918411419,462,1.99937088586755,2.56317690301567,462,24.3275862068966
"WMA_24",11,23.4208335876465,153.836685180664,36.6428375244141,512,106.997543334961,8404.8271484375,6,0.449250087199163,0.529790404921204,0.0209595078796334,463,136,4.91998092582813,463,2.39420064634403,3.13519863215613,463,22.8448275862069
"WMA_25",11,23.6000003814697,153.962814331055,37.5107154846191,509,107.394393920898,5694.3798828125,6,0.020138272231384,0.977958898896359,0.00190282887225675,464,44,3.80666248977032,464,1.66705744345067,2.09545040771413,464,23.6491228070175
"WMA_26",11,23.6208343505859,155.116653442383,38.0550346374512,499,107.969902038574,3052.66674804688,6,0.0950312331547072,0.900244157656086,0.00472460918920633,465,39,3.68887945411394,465,2.2554211997807,2.92143282469991,465,24.1379310344828
"WMA_27",11,23.7958335876465,156.066101074219,38.7112655639648,502,107.994956970215,605.88427734375,2,0.035642936419851,0.920944981766291,0.0434120818138576,466,39,3.68887945411394,466,1.95719901546652,2.48154928052206,466,27.2280701754386
"WMA_28",11,23.2291660308838,152.486328125,35.3929634094238,518,107.11930847168,7385.69140625,6,0.642048517520216,0.338385920405898,0.0195655620738862,467,250,5.52545293913178,467,2.01068726596686,2.57914763316294,467,23.0526315789474
"WMA_29",11,23.2999992370605,153.104232788086,34.9853935241699,518,107.267127990723,5328.96142578125,6,0.65973301201763,0.33297396708628,0.00729302089609031,468,17,2.89037175789616,468,1.9741938536921,2.44013519554651,468,23.0526315789474
"WMA_30",11,23.4791660308838,154.17610168457,35.5963134765625,517,107.385528564453,5671.90283203125,6,0.118281274774061,0.874552084984937,0.00716664024100206,469,44,3.80666248977032,469,1.69755038723184,2.09219055086783,469,22.4035087719298
"WMA_31",11,23.5083332061768,156.100692749023,34.8908767700195,517,107.603126525879,2613.60986328125,6,0.51157334009766,0.471494704800558,0.016931955101782,470,39,3.68887945411394,470,1.99763038451425,2.55946432469293,470,22.2545454545455
"WMA_32",11,23.2458324432373,155.467880249023,33.9216499328613,522,107.560432434082,2094.11206054688,6,0.905914063738703,0.0895512922149992,0.00453464404629776,471,0,0,471,2.23275243969513,2.8733784684511,471,25.1379310344828
"WMA_33",2,23.3708324432373,157.197891235352,33.8437042236328,527,107.362892150879,490.506408691406,6,0.870358037611391,0.115434624044652,0.0142073383439571,472,7,2.07944154167984,472,2.42156434841822,3.0737936245438,472,23.2631578947368
"WMA_34",2,23.1958332061768,156.415191650391,34.0131454467773,527,107.497108459473,956.691711425781,6,0.919269429558931,0.0713130608491613,0.00941750959190792,473,15,2.77258872223978,473,2.81181156296158,3.6286682770631,473,23.6363636363636
"WMA_35",2,22.9791660308838,156.705551147461,34.0617179870605,534,107.4228515625,2754.98681640625,6,1,0,0,474,9,2.30258509299405,474,2.67823114465888,3.49997253506967,474,24.2413793103448
"WMA_36",11,22.875,156.110397338867,34.3277130126953,537,107.986770629883,5240.962890625,6,0.778532005328935,0.207638139947979,0.0138298547230857,475,22,3.13549421592915,475,2.77760873101917,3.6005893075393,475,22.0526315789474
"WMA_37",2,22.904167175293,153.895767211914,34.526969909668,526,107.34937286377,5343.8349609375,6,0.567170804400901,0.408953993468404,0.0238752021306953,476,194,5.27299955856375,476,2.83380281446954,3.65968975557743,476,23.7090909090909
"WMA_38",11,23.0083332061768,155.414886474609,34.398021697998,534,107.52091217041,4889.8701171875,6,0.79839553540286,0.192852839521831,0.00875162507530837,477,138,4.93447393313069,477,2.66227311936549,3.48850299860792,477,23.1166666666667
"WMA_39",2,22.7083339691162,154.29948425293,34.7774353027344,545,106.963066101074,4924.74609375,6,0.961555541457844,0.0325445663896466,0.00589989215250904,478,96,4.57471097850338,478,2.69615861598902,3.49070337262733,478,21.3965517241379
"WMA_40",2,22.7250003814697,153.911117553711,34.4548110961914,555,106.491851806641,3545.84643554688,6,1,0,0,479,61,4.12713438504509,479,2.43246261411654,3.14822686817432,479,22.9285714285714
"NKLC_01",11,23.3583335876465,168.021011352539,30.1177368164062,1103,108.556045532227,1426.15173339844,2,0.722093576526566,0.256463124504362,0.0214432989690722,480,0,0,480,5.60438881737554,7.47145333691178,480,21.6206896551724
"NKLC_02",11,23.1416664123535,165.23860168457,29.2674694061279,1104,109.467338562012,4035.30322265625,2,0.668950640781627,0.29983504631392,0.0312143129044537,481,0,0,481,4.7324195720917,6.27355798336278,481,21.2909090909091
"NKLC_03",11,23.029167175293,163.14323425293,28.8143444061279,1103,109.474617004395,3064.02099609375,2,0.818862180503583,0.167089490708442,0.0140483287879749,482,0,0,482,4.78434245873713,6.19633399264129,482,20.5471698113208
"NKLC_04",11,22.845832824707,161.716049194336,28.9247817993164,1104,109.966461181641,4024.5322265625,2,0.680124322095715,0.300561352319939,0.0193143255843456,483,0,0,483,5.20463365485752,6.80559126238957,483,20.2280701754386
"NKLC_05",2,22.7666664123535,160.430297851562,28.7165584564209,1107,109.784187316895,4945.3525390625,2,0.902070846414867,0.0863222655630609,0.0116068880220721,484,0,0,484,6.0351552246133,7.74222245358335,484,21.4655172413793
"NKLC_06",2,22.5791664123535,160.276153564453,28.2704963684082,1103,110.378868103027,4087.82299804688,2,0.774328566445762,0.203602118146939,0.0220693154072994,485,0,0,485,4.76832969397661,6.24096305566577,485,20.8474576271186
"NKLC_07",2,22.7999992370605,161.146484375,28.2552089691162,1104,109.060424804688,2611.236328125,2,0.958819426832361,0.0338891706822217,0.00729140248541719,486,0,0,486,5.13907512007122,6.70820981573433,486,20.375
"NKLC_08",2,23.0750007629395,165.233978271484,29.0862865447998,1109,108.186103820801,2953.55444335938,2,0.832503567464722,0.153099730458221,0.0143967020770572,487,0,0,487,4.32666018975922,5.62519114720275,487,20.0344827586207
"NKLC_09",2,23.283332824707,162.834762573242,29.2377510070801,1123,107.379119873047,2498.12475585938,2,0.806076174166746,0.174008181904671,0.0199156439285828,488,17,2.89037175789616,488,3.95191931264772,5.17364539408949,488,19.6379310344828
"NKLC_10",2,23.3708343505859,162.710815429688,29.5658988952637,1108,107.75700378418,677.399230957031,2,0.846878269968608,0.134413545993595,0.0187081840377969,489,17,2.89037175789616,489,3.75810412387803,4.8187687775799,489,19.5818181818182
"NKLC_11",11,23.1666660308838,163.238983154297,29.2456436157227,1125,107.64054107666,3454.07177734375,2,0.688314571111463,0.27683526240685,0.034850166481687,490,17,2.89037175789616,490,4.66356596824031,6.21959598145101,490,20.0701754385965
"NKLC_12",2,23.5416660308838,166.567398071289,30.4298362731934,1104,108.19246673584,1642.75671386719,2,0.694881390333629,0.280350120512495,0.0247684891538754,491,50,3.93182563272433,491,4.33617324035984,5.54825283126208,491,20.4655172413793
"NKLC_13",11,23.7124996185303,169.559936523438,31.6074295043945,1111,107.715286254883,493.028289794922,2,0.431158615877446,0.487582860223921,0.081258523898633,492,50,3.93182563272433,492,3.05855163749141,3.84692354324679,492,21
"NKLC_14",2,22.5666656494141,157.686859130859,28.7051620483398,1131,108.220428466797,2097.07104492188,2,0.889258871658263,0.101924967494371,0.00881616084736625,493,0,0,493,10.4538879442962,13.8963587405908,493,24.25
"NKLC_15",2,22.8125,161.289215087891,28.3751163482666,1121,108.692848205566,3613.7490234375,2,0.958209144524066,0.0373517661234067,0.00443908935252711,494,0,0,494,8.21288554301176,10.9985901539808,494,22.1034482758621
"NKLC_16",2,22.8333339691162,161.882873535156,28.207239151001,1114,108.694664001465,3532.8818359375,2,0.929855715871254,0.0591723481845568,0.010971935944189,495,0,0,495,7.40446121008952,10.0280378043739,495,21.6379310344828
"NKLC_17",2,22.5416660308838,160.564819335938,28.1614685058594,1108,110.016967773438,4331.74853515625,2,0.919983508293426,0.0656813929149091,0.0143350987916653,496,0,0,496,7.35201063790842,9.92104784629072,496,22.0363636363636
"NKLC_18",2,22.7666664123535,160.004730224609,28.0705108642578,1099,109.222038269043,4968.6201171875,2,0.933601801059073,0.0556489203158195,0.010749278625107,497,0,0,497,7.38577397634101,9.77981093573633,497,22.4137931034483
"NKLC_19",2,22.6499996185303,158.931076049805,27.8514137268066,1110,108.913940429688,2637.22875976562,2,0.98220911426125,0.0135413693590841,0.00424951637966575,498,0,0,498,10.7136738002387,14.5963724255039,498,23.448275862069
"NKLC_20",11,23.3624992370605,158.904266357422,28.9863700866699,1071,109.55135345459,2171.4501953125,2,0.819868095630668,0.167575623057898,0.0125562813114338,499,0,0,499,7.11394653247668,9.42661825778743,499,22.5172413793103
"NKLC_21",11,23.5208339691162,161.533233642578,30.0796222686768,1061,109.790451049805,725.148132324219,2,0.560375443937088,0.379661339421613,0.0599632166412988,500,0,0,500,3.94300828556159,5.16685087010351,500,21.2586206896552
"NKLC_22",2,23.2000007629395,164.275268554688,28.9152984619141,1107,108.345375061035,670.035888671875,2,0.867277686160091,0.119180515032348,0.0135417988075606,501,0,0,501,4.28554115292731,5.62860205377334,501,20.1379310344828
"NKLC_23",11,23.0750007629395,163.032333374023,29.321647644043,1118,108.375198364258,2948.51147460938,2,0.629934992865071,0.342508324084351,0.0275566830505787,502,17,2.89037175789616,502,5.05521685910128,6.57119885521213,502,19.9827586206897
"NKLC_24",6,23.2083339691162,165.23860168457,29.2747058868408,1111,108.440422058105,2972.38989257812,2,0.781456113647894,0.192002790461695,0.026541095890411,503,1,0.693147180559945,503,4.1539656630352,5.41803966635922,503,20.4107142857143
"NKLC_25",11,23.283332824707,168.527496337891,29.4009838104248,1114,108.429313659668,1715.14624023438,2,0.647956109472616,0.323343798560238,0.0287000919671455,504,18,2.94443897916644,504,4.196848965049,5.45206547674732,504,19.7931034482759
"NKLC_26",2,23.4500007629395,168.388076782227,30.0481796264648,1101,108.788681030273,1136.783203125,2,0.688538627426107,0.281904097424838,0.0295572751490549,505,18,2.94443897916644,505,4.1096052039714,5.35517879739804,505,21.1379310344828
"NKLC_27",2,23.5708332061768,169.765335083008,30.7552318572998,1091,109.250625610352,222.727478027344,2,0.472097152641258,0.374912803602004,0.152990043756738,506,18,2.94443897916644,506,3.43241862960702,4.46972461949999,506,22.0172413793103
"NKLC_28",2,22.6499996185303,160.765197753906,28.5846519470215,1118,109.30020904541,3096.6328125,2,0.933855471351111,0.0557440466753337,0.0104004819735549,507,0,0,507,6.75113617704486,9.09397584787263,507,21.6428571428571
"NKLC_29",2,22.7083339691162,159.456924438477,28.6428718566895,1114,109.158187866211,5000.7158203125,2,0.692995529061103,0.273551701176396,0.0334527697625012,508,0,0,508,4.79263085922759,6.21608793366672,508,20.4642857142857
"NKLC_30",2,22.8291664123535,161.152938842773,28.8021240234375,1111,109.002777099609,2842.7216796875,2,0.885189765052792,0.0980690573575573,0.0167411775896509,509,0,0,509,4.53896626766821,5.95931707888233,509,19.9454545454545
"NKLC_31",11,22.8374996185303,160.342330932617,28.5698928833008,1109,108.496673583984,3711.27075195312,2,0.855208498493737,0.125162517837324,0.0196289836689393,510,0,0,510,4.88859075814087,6.36244488989401,510,20.3272727272727
"NKLC_32",11,22.7250003814697,159.024017333984,28.5680541992188,1111,109.323226928711,3773.57153320312,2,0.627290596664764,0.344873501997337,0.0278359013378987,511,0,0,511,4.40382863825568,5.79725860372947,511,19.8103448275862
"NKLC_33",11,22.8500003814697,160.227096557617,28.6662940979004,1092,109.834938049316,3495.11865234375,2,0.560206767513399,0.421526654615799,0.018266577870802,512,0,0,512,4.02953382349277,5.26171709462831,512,19.7368421052632
"NKLC_34",5,22.8583335876465,161.679153442383,29.4229202270508,1086,109.356658935547,2571.03149414062,2,0.696417247939125,0.270830691185796,0.0327520608750793,513,0,0,513,4.49551920689082,5.86861085195814,513,20.2758620689655
"NKLC_35",2,22.9125003814697,160.908264160156,29.6347522735596,1074,110.139549255371,1795.68627929688,2,0.89219354429577,0.0980404591286702,0.00976599657555964,514,0,0,514,6.41233468526197,8.53862864636526,514,23.7636363636364
"NKLC_36",11,22.5458335876465,158.536758422852,28.4702548980713,1106,110.713920593262,3191.30493164062,2,0.566015600228296,0.40012048956814,0.033863910203564,515,0,0,515,4.8545891552402,6.39909176623271,515,20.5172413793103
"NMSK_01",2,25.5041656494141,171.854309082031,31.7679042816162,1438,92.6539306640625,1754.46484375,2,0.343301094022515,0.627493261455526,0.0292056445219597,516,39,3.68887945411394,516,3.07109048452082,3.95205783677171,516,26.2456140350877
"NMSK_02",2,25.2250003814697,171.576889038086,31.5333461761475,1434,91.911376953125,4106.8916015625,2,0.835336652817862,0.153912023088389,0.010751324093749,517,37,3.63758615972639,517,2.66043176495069,3.43714210394522,517,25.0862068965517
"NMSK_03",2,25.1000003814697,178.491149902344,28.5664501190186,1478,91.4612808227539,10982.2939453125,2,0.950372601870937,0.0451561756778183,0.00447122245124465,518,0,0,518,2.29290455728498,2.90869311901673,518,28.4035087719298
"NMSK_04",2,25.095832824707,181.075790405273,29.1572265625,1490,93.0805511474609,7107.24072265625,2,0.891827609171344,0.0975803126882948,0.0105920781403609,519,0,0,519,2.62889233101084,3.24108999086221,519,27.2321428571429
"NMSK_05",2,25.0541667938232,180.585632324219,28.7729015350342,1491,93.3583297729492,6449.29736328125,2,0.750737322804681,0.240890495671202,0.00837218152411759,520,2,1.09861228866811,520,2.76469404792421,3.47640483924301,520,27.948275862069
"NMSK_06",2,24.9791660308838,179.740432739258,28.385648727417,1499,93.8793258666992,4049.109375,2,0.881243063263041,0.107943554780403,0.0108133819565562,521,21,3.09104245335832,521,2.99780195503085,3.89338608234249,521,28.8214285714286
"NMSK_07",2,25.0166664123535,179.359130859375,29.1363868713379,1493,94.1302642822266,2310.361328125,2,0.901385673970257,0.0836794875860101,0.0149348384437328,522,21,3.09104245335832,522,3.22399606583167,4.09543021320427,522,27.8947368421053
"NMSK_08",2,24.9833335876465,179.675628662109,28.892635345459,1505,93.9607467651367,4588.6728515625,2,0.869807850846598,0.1187456401801,0.011446508973302,523,23,3.17805383034795,523,3.52943881003878,4.64412620174766,523,28.948275862069
"NMSK_09",2,25.125,178.879089355469,29.9657669067383,1478,93.2369689941406,2428.64868164062,2,0.692671169885517,0.293565471093775,0.0137633590207085,524,12,2.56494935746154,524,3.99049544980503,5.24158803930358,524,25.6491228070175
"NMSK_10",11,25.375,177.091415405273,31.2617130279541,1440,93.0697402954102,1336.36486816406,2,0.0943336398516029,0.893997526714653,0.0116688334337445,525,38,3.66356164612965,525,2.17480237410297,2.71295488497487,525,24.5438596491228
"NMSK_11",2,25.3333339691162,175.425903320312,33.0848503112793,1457,92.8423767089844,3064.02099609375,2,0.244958143074581,0.731354642313546,0.0236872146118721,526,38,3.66356164612965,526,2.79990974006,3.5706367136162,526,25.5862068965517
"NMSK_12",2,25.1000003814697,177.43115234375,29.863525390625,1471,92.787467956543,6340.89111328125,2,0.986650177574835,0.0114155251141553,0.00193429731100964,527,37,3.63758615972639,527,2.54169750604581,3.19475562762296,527,25.859649122807
"NMSK_13",2,25.0416660308838,177.723403930664,28.425085067749,1481,92.0901260375977,9686.0849609375,2,0.928657492548671,0.0655082757308644,0.0058342317204642,528,2,1.09861228866811,528,2.63396222447862,3.31922567871949,528,27.125
"NMSK_14",2,25.466667175293,166.027587890625,30.642406463623,1402,93.2496185302734,3958.3505859375,2,0.976056070024103,0.020550551820373,0.00339337815552455,529,9,2.30258509299405,529,2.45725431898339,3.1503277454237,529,23.9827586206897
"NMSK_15",11,25.6416664123535,163.468551635742,30.9511013031006,1384,93.9974975585938,1069.32385253906,2,0.36204217536071,0.631457111146345,0.00650071349294435,530,8,2.19722457733622,530,2.15795498734817,2.73242333012512,530,24.9272727272727
"NMSK_16",2,25.1083335876465,171.037399291992,29.6480083465576,1441,93.0113296508789,6489.9365234375,2,0.914642653307122,0.0703595662375547,0.0149977804553237,531,37,3.63758615972639,531,2.34090441967989,3.02746833300068,531,23.2678571428571
"NMSK_17",11,25.0583324432373,172.242340087891,31.1821384429932,1453,92.245491027832,7574.2080078125,2,0.876609374009006,0.107154182786833,0.0162364432041606,532,36,3.61091791264422,532,2.31764358065709,2.98170813045257,532,24.8620689655172
"NMSK_18",2,25.0625,171.439422607422,30.6502990722656,1443,92.8066635131836,10748.7646484375,2,0.849996828014972,0.131827697773267,0.0181754742117617,533,4,1.6094379124341,533,2.36102086137655,2.95757341357051,533,23.5862068965517
"NMSK_19",11,25.2541656494141,169.631362915039,32.7742919921875,1412,92.6473999023438,11181.7177734375,2,0.135237974442718,0.856105526841488,0.00865649871579415,534,0,0,534,2.2562070980145,2.89125440387464,534,24.7241379310345
"NMSK_20",2,25.1000003814697,168.88671875,31.380744934082,1400,92.7711410522461,11772.1533203125,2,0.947932521562659,0.0457572298325723,0.00631024860476915,535,0,0,535,2.72025794480886,3.51337938520149,535,23.5344827586207
"NMSK_21",2,25.1166667938232,173.550277709961,30.9768333435059,1450,91.9220886230469,5831.25048828125,2,1,0,0,536,39,3.68887945411394,536,2.08508261509336,2.61251126119079,536,23.3636363636364
"NMSK_22",11,25.216667175293,176.85807800293,31.3683414459229,1457,91.7923049926758,4910.62353515625,2,0.831811263318113,0.149036022323694,0.0191527143581938,537,35,3.58351893845611,537,2.57852683041903,3.35739481762652,537,24.7758620689655
"NMSK_23",11,25.1749992370605,174.688018798828,31.5847835540771,1434,90.2610397338867,1832.60180664062,2,0.515585856984303,0.468368479467259,0.0160456635484382,538,6,1.94591014905531,538,2.70388432636108,3.45873347939052,538,23.9655172413793
"NMSK_24",2,25.1208324432373,175.647583007812,30.9836235046387,1447,90.5337142944336,529.417175292969,2,0.840629361756122,0.147411496003045,0.0119591422408324,539,2,1.09861228866811,539,1.86089022998015,2.2781678762606,539,24.75
"NMSK_25",2,25.1833324432373,177.332931518555,29.5797119140625,1456,89.9488754272461,4313.38671875,2,0.984114401674171,0.0141099625848183,0.00177563574101084,540,2,1.09861228866811,540,2.05184096278697,2.52986293690347,540,27.1454545454545
"NMSK_26",2,25.1041660308838,179.398742675781,29.4271354675293,1466,91.8952789306641,7091.69287109375,2,1,0,0,541,2,1.09861228866811,541,2.04023776953531,2.48557215132215,541,27.1896551724138
"NMSK_27",2,25.125,180.435073852539,28.5316257476807,1478,91.5553588867188,10687.669921875,2,0.876498192656478,0.116684634409284,0.00681717293423806,542,2,1.09861228866811,542,2.34490647090798,2.93973611753586,542,27.6379310344828
"NMSK_28",2,25.2041664123535,179.525360107422,29.9673957824707,1452,90.7634887695312,9874.767578125,2,0.882479784366577,0.106199460916442,0.0113207547169811,543,2,1.09861228866811,543,2.3398667652937,2.95164933662426,543,26.7678571428571
"NMSK_29",11,25.2000007629395,177.904449462891,30.2704925537109,1453,90.4000701904297,10763.177734375,2,0.641688336398808,0.345246400710344,0.013065262890848,544,20,3.04452243772342,544,2.93331540006231,3.86125858654888,544,27.0172413793103
"NMSK_30",2,25.220832824707,178.827713012695,29.8724708557129,1435,90.4422912597656,13910.4853515625,2,0.74421332995117,0.219576384044645,0.0362102860041854,545,20,3.04452243772342,545,2.12514955344487,2.6590823987812,545,25.2166666666667
"NMSK_31",4,25.1291675567627,178.280395507812,29.3004302978516,1456,90.4425430297852,16909.474609375,2,0.491864116471596,0.498398198369651,0.00973768515875282,546,20,3.04452243772342,546,3.08181078911842,3.93463934861943,546,25.4385964912281
"NMSK_32",2,25.0083332061768,177.659454345703,27.8522758483887,1468,89.6059036254883,19381.2578125,2,0.801204819277108,0.189600507292327,0.00919467343056436,547,20,3.04452243772342,547,3.17263651793348,4.11385953178952,547,27.8135593220339
"NMSK_33",2,24.9791660308838,179.06901550293,29.056001663208,1488,90.4151229858398,15017.349609375,2,0.712455606291223,0.275843480466768,0.0117009132420091,548,2,1.09861228866811,548,3.79978078234107,4.98607516719718,548,29.1551724137931
"NMSK_34",2,25.25,180.781143188477,29.870433807373,1472,89.85791015625,14898.537109375,2,0.517869034406215,0.457174567940384,0.024956397653401,549,2,1.09861228866811,549,2.22156914322271,2.77412173294548,549,26.551724137931
"NMSK_35",2,25.220832824707,180.661148071289,29.6522598266602,1468,91.1676940917969,13121.37109375,2,0.404572407013984,0.576275485937153,0.0191521070488632,550,2,1.09861228866811,550,2.1175348586056,2.67987269998711,550,26.7931034482759
"NMSK_36",2,25.1916675567627,176.517227172852,30.2295722961426,1436,88.2914657592773,17668.90234375,2,0.798116557803285,0.185807597184349,0.016075845012366,551,18,2.94443897916644,551,2.39646035611711,3.07917263375774,551,24.6724137931034
"NMSK_37",8,25.1375007629395,176.95817565918,28.8583106994629,1448,88.604621887207,19153.138671875,2,0.624528361710898,0.364532800659501,0.0109388376296014,552,18,2.94443897916644,552,2.83571489524148,3.65978862192029,552,24.8947368421053
"NMSK_38",2,24.9458332061768,178.318618774414,27.758415222168,1481,89.7066955566406,16599.697265625,2,0.987280340036795,0.0104675505931612,0.00225210937004377,553,2,1.09861228866811,553,5.37239206036314,7.0857415577014,553,30.0338983050847
"NMSK_39",2,24.9250011444092,179.209106445312,28.8426399230957,1489,89.3372650146484,14871.54296875,2,0.826124183421069,0.168167692014968,0.00570812456396271,554,2,1.09861228866811,554,3.82408530292235,5.01428924168839,554,28.6491228070175
"NMSK_40",2,25.0791664123535,181.263961791992,29.1271457672119,1494,89.8254776000977,11848.1806640625,2,0.845944060379273,0.143115367539798,0.0109405720809285,555,2,1.09861228866811,555,2.57364150880754,3.18400036863665,555,28.2586206896552
"NMSK_41",2,25.1041660308838,180.308547973633,28.2077407836914,1489,91.1070098876953,8451.9140625,2,0.985886904950683,0.0122736354698551,0.00183945957946148,556,431,6.06842558824411,556,2.47326321564377,3.06531318289335,556,27.9655172413793
"NMSK_42",2,25.0041675567627,180.774322509766,28.5730075836182,1487,90.0697937011719,12710.4033203125,2,0.820678718680622,0.167618141452585,0.0117031398667935,557,0,0,557,3.92370252212314,5.09484309146279,557,29.3684210526316
"NMSK_43",2,25.1166667938232,181.675704956055,29.0672245025635,1489,89.0238723754883,8999.1279296875,2,0.628829686013321,0.35255312400888,0.0186171899777989,558,0,0,558,3.46253779922843,4.34850524135615,558,27.9473684210526
"NMSK_44",2,25.095832824707,172.540618896484,30.9711875915527,1452,92.7761383056641,7737.49609375,2,0.969622982528459,0.025049941338745,0.0053270761327964,559,36,3.61091791264422,559,2.39551292787027,3.03945560884378,559,23.7894736842105
"NMSK_45",2,25.1916656494141,171.183486938477,30.4224243164062,1433,93.2409362792969,7073.658203125,2,0.936764659245869,0.0549582976564234,0.00827704309770716,560,21,3.09104245335832,560,2.51220152963368,3.266122236043,560,23.6607142857143
"NMSK_46",2,25.1833324432373,180.206115722656,29.452657699585,1468,91.6299896240234,10134.1005859375,2,0.909730809473985,0.0776498937823013,0.0126192967437141,561,2,1.09861228866811,561,2.19484707472484,2.70919756131752,561,26.7017543859649
"NMSK_47",11,25.1124992370605,179.483139038086,29.9920997619629,1482,92.1959762573242,9267.310546875,2,0.805308050860894,0.177156990201985,0.0175349589371215,562,0,0,562,2.58939238435166,3.27340539778684,562,25.9107142857143
"NMTL_01",11,26.7541656494141,148.376953125,28.7390632629395,976,81.1865005493164,507.896789550781,2,0.309953388083838,0.651932650537464,0.038113961378698,563,143,4.969813299576,563,2.25486265155684,2.81684391884908,563,22.4035087719298
"NMTL_02",11,26.8083324432373,149.100830078125,29.9612865447998,1024,79.2743606567383,821.378356933594,2,0.312488108073825,0.639500221982622,0.048011669943553,564,140,4.94875989037817,564,2.32956390319901,2.96919747234261,564,22.5
"NMTL_03",11,26.9208335876465,148.162338256836,33.0203247070312,1041,79.2510833740234,1158.39709472656,2,0.532675904493135,0.450550147445857,0.0167739480610077,565,113,4.7361984483945,565,2.25245111734842,2.83837996353613,565,22.1818181818182
"NMTL_04",11,26.8583335876465,149.663757324219,30.2688865661621,1005,79.8249893188477,459.164459228516,2,0.0366294557909425,0.798141570468096,0.165228973740962,566,147,4.99721227376411,566,2.64798434155885,3.42725844334512,566,24.8620689655172
"NMTL_05",2,27.0208339691162,146.868194580078,31.8178329467773,1076,78.7367324829102,348.623657226562,2,0.390912838073496,0.387615333396747,0.221471828529757,567,114,4.74493212836325,567,2.06689421589321,2.68613719995858,567,22.5172413793103
"NMTL_06",9,27.029167175293,150.536285400391,34.3367462158203,1062,79.7761383056641,901.977600097656,2,0.133462282398453,0.828994514379935,0.0375432032216127,568,116,4.76217393479776,568,2.25929593094283,2.9035130364316,568,23.6
"NMTL_07",11,27.0583324432373,151.96940612793,35.155876159668,1094,79.5203323364258,2914.66796875,2,0.377564285487809,0.601889723833983,0.0205459906782079,569,116,4.76217393479776,569,2.12711713486767,2.66853016597496,569,23.8793103448276
"NMTL_08",2,26.9541664123535,154.426467895508,33.5441856384277,1101,78.4717178344727,4240.60498046875,2,0.986965622225041,0.0102435620956489,0.00279081567930991,570,133,4.89783979995091,570,1.72153400815672,2.08609746557083,570,26.7241379310345
"NMTL_09",11,26.9291667938232,155.628601074219,33.4948463439941,1109,78.1884384155273,6459.0966796875,2,0.41513084853291,0.555527359238699,0.0293417922283902,571,95,4.56434819146784,571,1.68747470405791,2.00927962566695,571,29.4833333333333
"NMTL_10",11,26.9874992370605,152.957611083984,33.9639701843262,1116,78.5454635620117,5546.31689453125,2,0.221880450293325,0.764230220390043,0.0138893293166323,572,89,4.49980967033027,572,1.86285810826999,2.36992649726611,572,26.1525423728814
"NMTL_11",11,27.0541667938232,152.843627929688,34.7990493774414,1125,78.9822998046875,6814.150390625,2,0.0454358096325185,0.947842353911031,0.00672183645645074,573,35,3.58351893845611,573,2.10785930246497,2.57372323305892,573,25.75
"NMTL_12",11,27.0750007629395,151.560073852539,35.0444183349609,1113,78.3943939208984,5310.0771484375,2,0.0670027904616946,0.924245306950786,0.00875190258751903,574,37,3.63758615972639,574,2.43397679397585,3.0904149984139,574,24.2758620689655
"NMTL_13",11,27.0791664123535,147.532089233398,34.8260078430176,1046,79.9204406738281,388.976837158203,2,0.0718272340965307,0.73523815564153,0.19293461026194,575,106,4.67282883446191,575,2.09552909935811,2.62987090659392,575,27.1896551724138
"NMTL_14",11,26.9416675567627,149.177017211914,33.3827056884766,992,80.9664535522461,49.8033790588379,2,0.00872129899784346,0.549758975009514,0.441519725992642,576,114,4.74493212836325,576,1.76579746867327,2.2393641037867,576,21.2033898305085
"NMTL_15",1,26.8208332061768,152.888198852539,28.3471088409424,1023,80.1413650512695,0,2,0.30632887310546,0.635265394127719,0.058405732766821,577,113,4.7361984483945,577,2.42899517076789,3.04443983881449,577,26.5172413793103
"NMTL_16",11,26.9583339691162,150.390914916992,31.1381607055664,1003,82.1289443969727,918.328918457031,2,0.00202974850147474,0.986108908693032,0.011861342805493,578,105,4.66343909411207,578,2.32839898106067,2.92631661484473,578,27.0350877192982
"NMTL_17",11,26.5583324432373,160.409027099609,34.3621520996094,1247,80.6150207519531,914.268493652344,2,0.0494449730415477,0.943704408499841,0.00685061845861085,579,148,5.00394630594546,579,3.09207075974459,3.92889242549243,579,26
"NMTL_18",11,26.595832824707,157.861511230469,33.9314842224121,1221,79.3781509399414,1715.14624023438,2,0.0355410418185853,0.955549919152849,0.00890903902856599,580,70,4.26267987704132,580,3.16862333305288,3.90761154424073,580,23.125
"NMTL_19",2,26.720832824707,158.120452880859,33.0267028808594,1179,80.6207046508789,422.595672607422,2,0.522548522136243,0.460040593682608,0.0174108841811493,581,58,4.07753744390572,581,3.07704488572719,3.86070153064132,581,22.4642857142857
"NMTL_20",2,27.0708332061768,152.739517211914,35.4031639099121,1116,78.890510559082,4960.87646484375,2,0.772499524322953,0.203399505295871,0.0241009703811759,582,24,3.2188758248682,582,2.01246167417623,2.51440846888707,582,26.0344827586207
"NMTL_21",2,27.0666656494141,149.321701049805,35.5495452880859,1094,79.5539703369141,1563.85778808594,2,0.423714838423239,0.538261503821393,0.0380236577553674,583,105,4.66343909411207,583,1.90368327298507,2.37141204896338,583,27.0344827586207
"NMTL_22",4,27.095832824707,148.805206298828,31.6014270782471,1048,80.8381958007812,49.8033790588379,2,0.0268298870988202,0.598915387542814,0.374254725358366,584,105,4.66343909411207,584,1.92854619453695,2.50783278978274,584,23.9827586206897
"NMTL_23",4,27.1666660308838,149.686553955078,36.1741104125977,1051,80.8111877441406,268.199401855469,2,0.103389239402682,0.735360324656796,0.161250435940522,585,105,4.66343909411207,585,2.22081039255574,2.7084608147533,585,27.8103448275862
"NMTL_24",11,27.1666660308838,150.79084777832,35.6946792602539,1064,80.423095703125,352.163055419922,2,0.0270501680725566,0.823618950973552,0.149330880953891,586,51,3.95124371858143,586,2.41102010707666,3.08393849069068,586,27.6034482758621
"NMTL_25",11,27.0708332061768,151.529449462891,35.6746215820312,1106,79.8416137695312,1765.03625488281,2,0.0411289043919455,0.951323925796734,0.00754716981132075,587,77,4.35670882668959,587,2.59386533969099,3.22810934414373,587,23.3275862068966
"NMTL_26",11,26.6875,159.018630981445,33.1539916992188,1197,79.1130752563477,3916.45849609375,2,0.389484366081055,0.577345087841695,0.03317054607725,588,76,4.34380542185368,588,1.97999343576018,2.39029982986673,588,22.1754385964912
"NMTL_27",11,26.779167175293,157.053268432617,32.7379951477051,1165,79.4344024658203,1047.05603027344,2,0.169790378333809,0.796276916246472,0.033932705419719,589,64,4.17438726989564,589,2.18993113594452,2.74750509885984,589,20.8103448275862
"NMTL_28",11,26.8875007629395,156.628173828125,33.3800430297852,1141,79.5194854736328,951.4921875,2,0.207666212231698,0.780571319869376,0.0117624678989252,590,63,4.15888308335967,590,2.57319316356263,3.27067011478173,590,22.3620689655172
"NMTL_29",11,26.966667175293,154.615859985352,33.6698532104492,1113,80.2422180175781,735.338073730469,2,0.431620001902527,0.554840346259949,0.0135396518375242,591,64,4.17438726989564,591,2.58474866421647,3.23776260473903,591,22.8545454545455
"NMTL_30",11,26.8916664123535,157.780548095703,33.2177772521973,1157,79.440803527832,2750.03051757812,2,0.0652291105121294,0.925352782622483,0.00941810686538767,592,63,4.15888308335967,592,2.03919667881496,2.55373527328949,592,20.7636363636364
"NMTL_31",11,26.9791660308838,156.444259643555,34.9576797485352,1132,79.5058517456055,4639.205078125,2,0.414351851851852,0.557521562658549,0.0281265854895992,593,74,4.31748811353631,593,2.12140992945579,2.64359543919737,593,22.3103448275862
"NMTL_32",11,27.1499996185303,151.357498168945,36.0078315734863,1106,79.6459197998047,3500.79125976562,2,0.0521292450137933,0.939277673843422,0.00859308114278466,594,24,3.2188758248682,594,2.17985946624775,2.75872142780626,594,25.719298245614
"NMTL_33",2,26.8958339691162,157.009841918945,32.294490814209,1168,77.8291854858398,6817.244140625,2,0.45310419176866,0.505422030566301,0.041473777665039,595,26,3.29583686600433,595,1.7915786296355,2.18320933493087,595,20.6551724137931
"NMTL_34",2,26.2374992370605,157.193084716797,33.1992263793945,1058,80.8846664428711,1937.85705566406,2,0.608399149934976,0.383258794049545,0.0083420560154788,596,90,4.51085950651685,596,3.72543675125198,4.76055753745721,596,23.7818181818182
"NMTL_35",2,26.283332824707,157.282821655273,33.698299407959,1041,81.666374206543,2271.38354492188,2,0.872775716052907,0.110667047292797,0.0165572366542963,597,58,4.07753744390572,597,3.12533644811248,4.03631814107408,597,23.4210526315789
"NMTL_36",2,26.5041675567627,156.574966430664,32.4397010803223,1013,81.1451644897461,398.427032470703,4,0.396321547486919,0.357888060884731,0.245790391628349,598,58,4.07753744390572,598,3.23955776992371,4.31085643218274,598,23.9454545454545
"NMTL_37",2,26.5166664123535,156.689224243164,33.4844818115234,1031,81.2220153808594,469.844116210938,2,0.484970511763587,0.447967531232164,0.0670619570042488,599,38,3.66356164612965,599,5.57202638266925,7.36414917825052,599,24.0862068965517
"NMTL_38",2,26.9208335876465,155.438674926758,31.3764762878418,1060,79.9261627197266,205.344589233398,2,0.328397488743738,0.339146426533071,0.332456084723191,600,94,4.55387689160054,600,5.04123926471342,6.84516814900918,600,23.8448275862069
"NMTL_39",11,26.9583339691162,154.667297363281,33.1854858398438,1085,81.1070709228516,334.091217041016,2,0.0296197634224463,0.83439571242825,0.135984524149304,601,105,4.66343909411207,601,2.40596814009187,3.02985668740077,601,22.0350877192982
"NMTL_40",11,26.9874992370605,153.461929321289,32.8783683776855,1057,80.4003677368164,810.740234375,2,0.00250491470606887,0.993595028219925,0.00390005707400596,602,104,4.65396035015752,602,2.55607596590942,3.16284952759395,602,24.6551724137931
"NMTL_41",11,26.8875007629395,156.57014465332,30.9742851257324,1075,80.2028503417969,362.574066162109,2,0.130787771153114,0.585024736775339,0.284187492071546,603,122,4.81218435537242,603,2.4108791321045,3.0438948413782,603,21.7090909090909
"NMTL_42",11,26.7583332061768,155.677886962891,33.7882652282715,1133,80.9025421142578,1415.67797851562,2,0.203462379910587,0.786835346713593,0.00970227337582041,604,55,4.02535169073515,604,2.99977502408514,3.80470891095072,604,24.5714285714286
"NMTL_43",11,26.8374996185303,155.579956054688,34.2729034423828,1154,79.6033248901367,2094.70434570312,2,0.0799961951869114,0.906179650591331,0.0138241542217572,605,55,4.02535169073515,605,2.77491344601858,3.45280210692077,605,23.9655172413793
"NMTL_44",11,26.658332824707,159.699020385742,35.2412071228027,1226,78.6195449829102,3419.42919921875,2,0.0270793036750484,0.968988806798364,0.00393188952658782,606,157,5.06259503302697,606,2.31759892336298,2.88590086376326,606,27.8
"NMTL_45",11,26.6458339691162,161.322067260742,34.6141510009766,1263,77.9232177734375,2810.69360351562,2,0.0171560854950212,0.980877782710725,0.00196613179425382,607,154,5.04342511691925,607,2.21475810361101,2.68465827939662,607,27.7222222222222
"NMTL_46",11,26.533332824707,162.177429199219,34.3841133117676,1273,79.3054428100586,1520.43115234375,2,0.451460467476452,0.532840696457455,0.0156988360660937,608,269,5.59842195899838,608,2.12800595230264,2.6909628365378,608,26.4181818181818
"NMTL_47",11,26.5458335876465,157.515594482422,33.6582908630371,1176,80.1765975952148,2508.0341796875,2,0.299194622360327,0.693163802397108,0.00764157524256453,609,55,4.02535169073515,609,5.29108382519648,7.21122427652567,609,25.7272727272727
"NMTL_48",11,26.470832824707,162.543106079102,33.5739936828613,1270,79.1006622314453,935.720520019531,2,0.162648309117442,0.83065795317556,0.00669373770699829,610,136,4.91998092582813,610,2.49825973097849,3.17406291906062,610,26.1206896551724
"NMTL_49",11,26.8958339691162,155.263092041016,33.5842018127441,1112,81.7777786254883,664.4599609375,2,0.338892764284355,0.640941086942736,0.0201661487729089,611,55,4.02535169073515,611,2.46175911808573,3.06167442646906,611,22.3103448275862
"NMTL_50",11,26.6833324432373,154.953567504883,33.0885353088379,1017,81.3901596069336,1743.82958984375,2,0.652927935068641,0.338511778320282,0.00856028661107765,612,41,3.73766961828337,612,3.69777249594626,4.95906555537491,612,24.1052631578947
"NMTL_51",11,26.9791660308838,153.17041015625,33.9140548706055,1124,77.6185760498047,7471.1708984375,2,0.160383042140977,0.810761962139709,0.0288549957193138,613,42,3.76120011569356,613,1.70497684837324,2.09336951256076,613,29
"NMTL_52",1,26.7999992370605,155.300308227539,31.3764762878418,1061,79.2673263549805,0,2,0.311729080128104,0.211529314773124,0.476741605098773,614,95,4.56434819146784,614,3.65373071971946,4.82473113750666,614,21.3103448275862
"NMTL_53",11,27.0791664123535,148.162353515625,33.8499450683594,1046,79.3447418212891,49.8033790588379,2,0.135967276532327,0.621714176998446,0.242318546469227,615,116,4.76217393479776,615,2.11381006061282,2.70846785652798,615,27.7966101694915
"SKPE_01",2,25.5791664123535,133.10041809082,33.067512512207,961,85.0276718139648,7231.787109375,4,0.936544681930615,0.0562250269550327,0.00723029111435276,616,4,1.6094379124341,616,2.03438321806088,2.5415171991828,616,18.9454545454545
"SKPE_02",2,25.5708332061768,132.295425415039,33.3188209533691,961,84.949577331543,4192.07177734375,4,0.854660197253671,0.125931563758602,0.0194082389877271,617,2,1.09861228866811,617,1.8939588463569,2.38041915404776,617,17.8793103448276
"SKPE_03",2,25.6041660308838,135.184356689453,33.9883728027344,973,85.5326843261719,2000.21179199219,4,0.842741168262827,0.146571954081309,0.0106868776558635,618,2,1.09861228866811,618,2.18978613718181,2.70888797347038,618,18.5
"SKPE_04",2,25.5708332061768,135.234771728516,34.2663803100586,975,86.4336166381836,2114.15185546875,4,0.903363875590501,0.0889318664595289,0.00770425794996988,619,0,0,619,2.17755774507956,2.68992926877957,619,17.5087719298246
"SKPE_05",2,25.5499992370605,136.381805419922,33.0966377258301,986,85.423583984375,5008.64501953125,4,0.987127049050382,0.0109705444053394,0.00190240654427851,620,0,0,620,2.35223918712509,2.86754326977603,620,18.2586206896552
"SKPE_06",2,25.529167175293,139.323974609375,32.559211730957,1005,85.1300659179688,7470.5068359375,4,0.976278066725866,0.021692249143727,0.00202968413040721,621,0,0,621,2.27270375316918,2.89225060710634,621,18.0357142857143
"SKPE_07",2,25.3666667938232,139.354553222656,32.1290435791016,1016,85.6704559326172,7360.2919921875,4,1,0,0,622,0,0,622,2.28180975271724,2.8270677883493,622,16.9655172413793
"SKPE_08",2,24.9624996185303,141.648193359375,31.0664825439453,1056,86.2278442382812,6154.8994140625,4,0.999904876656732,6.34155621789587e-05,3.17077810894794e-05,623,0,0,623,2.51464673629962,3.23438458907555,623,17.4310344827586
"SKPE_09",2,24.845832824707,142.469436645508,30.7810745239258,1075,86.1142883300781,3512.109375,4,1,0,0,624,0,0,624,2.55665161191703,3.26730636431744,624,16.1272727272727
"SKPE_10",2,25.0416660308838,144.061752319336,31.3020038604736,1060,86.3258666992188,2630.16552734375,4,0.998001649432215,0.00177631161580917,0.000222038951976147,625,0,0,625,2.98547562680764,3.86036618050002,625,16.6896551724138
"SKPE_11",2,25.2458324432373,143.645034790039,30.5858421325684,1053,85.3883209228516,7540.23779296875,4,1,0,0,626,0,0,626,2.66021088297941,3.43640788252588,626,16.8103448275862
"SKPE_12",2,25.6458339691162,142.485397338867,31.5700721740723,1003,85.5467300415039,9641.810546875,4,0.910641806189751,0.0842529173008625,0.0051052765093861,627,0,0,627,2.36740819367327,2.99846723950452,627,17.1929824561403
"SKPE_13",2,25.6708335876465,133.815658569336,34.5802917480469,962,84.8434524536133,5024.9609375,4,0.490170587862261,0.471019088084216,0.0388103240535227,628,0,0,628,2.09751041332182,2.54156602687113,628,19.625
"SKPE_14",2,25.7333335876465,135.383880615234,34.0519371032715,953,84.5121231079102,8162.4384765625,4,0.660050099882677,0.31952944160827,0.0204204585090529,629,0,0,629,2.06639716459819,2.52760822233898,629,18.8965517241379
"SKPE_15",2,25.7958335876465,136.772186279297,32.6744041442871,949,82.9720458984375,10643.6005859375,4,0.864296587593556,0.125681847012559,0.0100215653938856,630,4,1.6094379124341,630,1.99014624287422,2.51093200069146,630,19.4736842105263
"SKPE_16",2,25.9375,137.264236450195,32.538932800293,945,83.9965896606445,9629.5830078125,4,0.804757373929591,0.190358388836029,0.00488423723437996,631,9,2.30258509299405,631,2.09911093737905,2.6174733136573,631,18.7586206896552
"SKPE_17",2,25.9874992370605,138.484069824219,32.8293876647949,930,82.8435134887695,7026.68994140625,4,0.98157076698598,0.016652921398211,0.00177631161580917,632,12,2.56494935746154,632,2.1989385563917,2.79770884216791,632,19.3508771929825
"SKPE_18",2,26.0041675567627,137.236633300781,32.6885681152344,912,82.9044647216797,4538.943359375,4,0.971203856399848,0.0274641633895725,0.00133198021057973,633,27,3.3322045101752,633,1.84216247108268,2.304233562186,633,19.9137931034483
"SKPE_19",2,26.0625,134.707168579102,34.2855644226074,908,84.2901458740234,1734.55944824219,6,0.672353109046517,0.314487744554016,0.0131591463994673,634,29,3.40119738166216,634,2.09166416515138,2.6336595877109,634,20.7454545454545
"SKPE_20",11,26.0375003814697,135.698959350586,33.2424163818359,911,84.1680755615234,4268.29736328125,4,0.531525531240089,0.45290199809705,0.0155724706628608,635,27,3.3322045101752,635,2.36186284145839,2.941672674787,635,21.9107142857143
"SKPE_21",2,26.0666675567627,136.470672607422,33.33837890625,907,83.532844543457,2263.7265625,4,0.889410421489962,0.102946306809172,0.00764327170086581,636,27,3.3322045101752,636,2.27417401156632,2.81878134331645,636,20.95
"SKPE_22",2,25.9458332061768,138.341766357422,32.0923881530762,921,83.7192535400391,6083.35595703125,4,0.99204109458731,0.00707105939055712,0.000887846022132733,637,27,3.3322045101752,637,1.78393406897386,2.23514782273411,637,20.4576271186441
"SKPE_23",2,25.8666667938232,136.387359619141,31.6885471343994,938,83.1259307861328,6177.42626953125,4,0.918804909765613,0.0749151574740715,0.0062799327603159,638,27,3.3322045101752,638,1.87308748657138,2.26936978859829,638,19.7758620689655
"SKPE_24",2,25.8291664123535,136.005661010742,34.2928237915039,958,84.315071105957,8203.20703125,4,0.333174784373415,0.657883054287164,0.00894216133942161,639,0,0,639,2.20793447997562,2.68805785581022,639,21.1551724137931
"SKPE_25",2,25.7083339691162,137.242874145508,34.1399841308594,962,83.7598419189453,5071.63720703125,4,0.923191577077982,0.0671994418545651,0.00960898106745314,640,0,0,640,2.31964955944406,2.86660289903627,640,18.9827586206897
"SKPE_26",2,25.7250003814697,136.623245239258,34.2272262573242,969,84.130256652832,2744.61352539062,4,0.8876240606272,0.101024193804103,0.0113517455686971,641,0,0,641,2.3494741646473,2.93877330719903,641,19.551724137931
"SKPE_27",2,25.7916660308838,137.044021606445,34.4718971252441,970,84.6973648071289,2041.9384765625,4,0.859756484241233,0.129431162407255,0.0108123533515125,642,0,0,642,2.34874066135517,3.00068429902931,642,19.1052631578947
"SKPE_28",2,25.7458343505859,138.604370117188,33.4013824462891,985,85.0562210083008,2904.01123046875,4,0.998382698040211,0.00123676032219192,0.000380541637597514,643,0,0,643,2.55083745194515,3.12652519281763,643,18.2931034482759
"SKPE_29",2,25.5666656494141,139.615280151367,32.3360290527344,1006,85.0252151489258,5944.98828125,4,0.99996829221891,3.17077810894794e-05,0,644,0,0,644,2.3000694727155,2.85517444722137,644,17.3035714285714
"SKPE_30",2,25.625,142.900177001953,31.4169025421143,1005,84.7665176391602,9544.2041015625,4,0.898154607140592,0.09439406430338,0.00745132855602765,645,0,0,645,2.08951415926756,2.63541576603608,645,17.9272727272727
"SKPE_31",2,25.2124996185303,144.837280273438,31.0362796783447,1044,84.9990081787109,5492.16357421875,4,0.997589826530936,0.00180763010179812,0.000602543367266039,646,0,0,646,2.75673803857224,3.53944826390313,646,17.0350877192982
"SKPE_32",2,25.4416675567627,141.290069580078,31.3980464935303,1012,84.4435272216797,7716.31005859375,4,0.888515441689391,0.106411313336293,0.0050732449743167,647,0,0,647,2.1085805487534,2.59415195589868,647,18.551724137931
"SKPE_33",2,25.6000003814697,138.858993530273,32.4144630432129,999,84.8660888671875,4457.3330078125,4,0.927008687932019,0.0684253915910965,0.00456592047688503,648,0,0,648,2.42729260201021,3.03902705922762,648,19.0333333333333
"SKPE_34",2,25.7416667938232,136.695327758789,34.2822380065918,979,85.0681228637695,519.962524414062,4,0.784454874104142,0.20206760956428,0.0134775163315786,649,0,0,649,2.45982302210369,3.04699542252404,649,19.6379310344828
"SKPE_35",2,25.7124996185303,135.564895629883,33.9243927001953,971,84.5449295043945,6125.8154296875,4,0.904426686960934,0.0888508371385084,0.00672247590055809,650,0,0,650,2.09074620343511,2.61497034711632,650,19.0172413793103
"SKPE_36",11,25.6375007629395,134.943176269531,33.695858001709,971,84.6170043945312,6790.9970703125,4,0.644342973110096,0.340119228817859,0.0155377980720446,651,2,1.09861228866811,651,1.80931279321325,2.24961779115497,651,18.719298245614
"SKPE_37",2,25.6499996185303,135.495712280273,31.7869110107422,959,83.4875106811523,9621.8525390625,4,1,0,0,652,6,1.94591014905531,652,1.75872306621434,2.17273497073023,652,18.140350877193
"SKPE_38",2,25.7458343505859,137.369064331055,31.5059547424316,944,83.4452743530273,7276.408203125,4,0.998287562630811,0.00114162491279254,0.000570812456396271,653,18,2.94443897916644,653,1.79537951119342,2.22195726518247,653,19.3793103448276
"SKPE_39",11,25.466667175293,135.114974975586,33.2058143615723,971,86.3162689208984,3576.14599609375,4,0.83196448390677,0.155573172665293,0.0124623434279372,654,2,1.09861228866811,654,2.23590173970297,2.75745173481023,654,18.0545454545455
"SKPE_40",2,25.4958343505859,135.503402709961,33.6474952697754,978,85.3890686035156,1026.72290039062,4,0.954372503012239,0.0361468704420065,0.00948062654575433,655,2,1.09861228866811,655,2.26946041850915,2.90509671476354,655,18.4310344827586
"SKPE_41",2,25.4541664123535,136.805404663086,33.6840286254883,987,86.3318405151367,3638.71533203125,4,0.880073566717402,0.107940131912735,0.011986301369863,656,2,1.09861228866811,656,2.13958566545151,2.66721399569567,656,17.7413793103448
"SKPE_42",11,25.7333335876465,136.420715332031,33.8353271484375,972,84.8989410400391,5524.35986328125,4,0.566259711431742,0.409354685270335,0.0243856032979229,657,0,0,657,2.55221854826139,3.19789668491908,657,19.2631578947368
"SKPE_43",2,25.658332824707,139.1015625,33.5551452636719,989,85.1623916625977,3237.21948242188,4,0.960142055363541,0.0368773187050132,0.0029806259314456,658,0,0,658,2.45532554236473,2.99086720078245,658,19.2456140350877
"SKPE_44",5,25.2458324432373,143.645034790039,30.8421421051025,1055,85.5868301391602,5902.2783203125,4,0.741611163970821,0.241547732318427,0.0168411037107517,659,0,0,659,2.88433109270145,3.67898374912649,659,17.1034482758621
"SKPW_01",2,24.8875007629395,149.592239379883,31.1448917388916,1108,86.2330093383789,6704.43017578125,4,0.942154002283395,0.0509006723328682,0.00694532538373716,660,6,1.94591014905531,660,3.16821439175821,4.18620613122619,660,18.1724137931034
"SKPW_02",2,24.6749992370605,149.825653076172,30.8508834838867,1145,86.9077224731445,6332.083984375,4,1,0,0,661,7,2.07944154167984,661,2.48605725571348,3.20456264174987,661,18.4909090909091
"SKPW_03",2,24.8916664123535,150.949020385742,30.778491973877,1124,85.6200714111328,4305.61669921875,4,0.999587707335638,0.000317148203355428,9.51444610066284e-05,662,8,2.19722457733622,662,4.19604346795421,5.58060075076268,662,20.1206896551724
"SKPW_04",2,24.658332824707,151.189727783203,31.0188217163086,1151,86.8959579467773,3811.50415039062,4,0.999556062912227,0.000126839167935058,0.000317097919837646,663,8,2.19722457733622,663,3.32647252391337,4.35973563885786,663,19.8421052631579
"SKPW_05",11,24.7958335876465,152.843627929688,32.9004821777344,1142,86.9793853759766,4791.48876953125,4,0.722838840616477,0.266727976152724,0.0104331832307985,664,13,2.63905732961526,664,3.20799875145493,4.22811251861341,664,21.8421052631579
"SKPW_06",2,24.3916664123535,150.254821777344,30.8291568756104,1156,88.3434906005859,3096.6328125,4,1,0,0,665,10,2.39789527279837,665,3.46191928573018,4.62822424266553,665,19.1896551724138
"SKPW_07",2,24.1708335876465,146.263427734375,29.9308414459229,1161,87.702392578125,3718.94848632812,4,0.94872038816478,0.046332413661878,0.00494719817334221,666,6,1.94591014905531,666,2.52668989387814,3.26567102125584,666,18.6610169491525
"SKPW_08",2,23.7583332061768,145.70881652832,29.2993640899658,1173,87.8550338745117,4740.748046875,4,1,0,0,667,0,0,667,2.29098619239241,2.93027414634132,667,18.1724137931034
"SKPW_09",2,23.6499996185303,145.633392333984,26.9378395080566,1174,86.8051147460938,8038.27197265625,4,1,0,0,668,0,0,668,2.13250854467305,2.65064410701381,668,18.8214285714286
"SKPW_10",2,23.591667175293,146.300323486328,28.8034954071045,1183,87.658332824707,3708.5966796875,4,1,0,0,669,14,2.70805020110221,669,2.34645273374423,2.97378602356171,669,19.8421052631579
"SKPW_11",2,24,148.523040771484,30.4081077575684,1163,88.7282104492188,713.075866699219,4,0.9790675547098,0.0173168411037108,0.00361560418648906,670,14,2.70805020110221,670,3.37879633955841,4.43372191313896,670,19.4642857142857
"SKPW_12",2,23.8250007629395,148.637741088867,29.5481719970703,1175,89.1749649047852,1792.92163085938,4,0.984622701331642,0.0116677235256817,0.00370957514267597,671,11,2.484906649788,671,3.11197518986005,4.0413530831025,671,19.0363636363636
"SKPW_13",9,24.1458339691162,148.177688598633,31.112720489502,1156,88.4954299926758,918.328918457031,4,0.968377315402182,0.0258817558995179,0.00574092869829992,672,20,3.04452243772342,672,3.36687447669256,4.36439595736504,672,19.7931034482759
"SKPW_14",2,23.6208343505859,148.835739135742,29.7733860015869,1213,89.0938720703125,5002.203125,4,1,0,0,673,22,3.13549421592915,673,4.31889493777088,5.71663337524913,673,21.1551724137931
"SKPW_15",2,24.1916675567627,148.029983520508,30.9364242553711,1172,87.6102676391602,1850.78356933594,4,0.967338914256722,0.0309487569761542,0.00171232876712329,674,20,3.04452243772342,674,3.82179118903153,4.9950322384527,674,20.3965517241379
"SKPW_16",2,24.125,149.749801635742,30.1943855285645,1190,87.9966430664062,1415.67797851562,4,1,0,0,675,10,2.39789527279837,675,3.63721518961411,4.8311414357177,675,22.5593220338983
"SKPW_17",11,24.7708339691162,150.400329589844,32.7612571716309,1172,87.3476715087891,472.476318359375,4,0.233165223459257,0.738446411012783,0.0283883655279602,676,22,3.13549421592915,676,2.7283160574972,3.45747274179562,676,22.6379310344828
"SKPW_18",11,24.9833335876465,155.62678527832,32.4119338989258,1187,87.229248046875,507.896789550781,4,0.30838779265275,0.65122771397754,0.04038449336971,677,20,3.04452243772342,677,2.88999207299451,3.73967333201417,677,21.8103448275862
"SKPW_19",11,24.9125003814697,155.8134765625,31.4123210906982,1194,87.0420608520508,1547.11450195312,4,0.454865404736992,0.534005516978978,0.0111290782840293,678,20,3.04452243772342,678,2.49852693835493,3.24523971170474,678,22.3035714285714
"SKPW_20",11,24.7583332061768,152.268203735352,33.2343711853027,1174,87.046012878418,961.862976074219,4,0.0664383344432816,0.920147147432848,0.0134145181238702,679,21,3.09104245335832,679,2.42761705170342,3.03799334996906,679,21.8421052631579
"SKPW_21",2,24.5375003814697,149.774459838867,30.4015235900879,1154,87.4106597900391,70.4326095581055,4,0.912832545898469,0.0686495227827631,0.0185179313187684,680,10,2.39789527279837,680,4.60510669245434,6.19162471554977,680,21.4137931034483
"SKPW_22",2,24.2333335876465,147.97624206543,30.342472076416,1167,87.5910949707031,1457.97216796875,4,0.992199143808467,0.00573965435230696,0.00206120183922626,681,10,2.39789527279837,681,3.20060064512231,4.17969753000379,681,19.7966101694915
"SKPW_23",2,25.154167175293,158.823226928711,31.2891578674316,1178,86.6574630737305,6022.70947265625,4,0.957483909831648,0.0377920801496465,0.00472401001870581,682,12,2.56494935746154,682,2.53969064209754,3.14676347552269,682,20.2222222222222
"SKPW_24",2,25.1000003814697,157.133422851562,30.8680095672607,1183,86.50244140625,8112.44873046875,4,0.845207520847205,0.149180379847173,0.00561209930562161,683,10,2.39789527279837,683,3.15497280828147,4.08248527137032,683,21.3620689655172
"SKPW_25",2,24.9874992370605,156.918106079102,31.007719039917,1180,86.6966400146484,8233.8408203125,4,0.796892834495878,0.194610019023462,0.00849714648065948,684,11,2.484906649788,684,3.86931915931499,4.95997763529311,684,21.4
"SKPW_26",2,24.966667175293,156.892135620117,31.6505508422852,1188,87.1362533569336,7917.640625,4,0.39900431253171,0.592592592592593,0.00840309487569761,685,11,2.484906649788,685,4.82821364987671,6.33064090190162,685,21.7857142857143
"SKPW_27",11,25.3791656494141,159.251922607422,32.3836898803711,1168,86.670768737793,5340.12060546875,4,0.0670006658845166,0.925674604432888,0.00732472968259505,686,11,2.484906649788,686,3.59317808646631,4.7618832528365,686,21.7068965517241
"SKPW_28",2,25.4291667938232,160.79997253418,31.5751476287842,1181,86.615608215332,3508.9296875,4,0.603767003836763,0.38301043219076,0.0132225639724768,687,21,3.09104245335832,687,3.15621059270919,4.12667794661088,687,20.0175438596491
"SKPW_29",2,25.4583339691162,160.776992797852,31.2394332885742,1179,87.5516891479492,352.163055419922,4,0.931785748263724,0.0480766181460692,0.0201376335902071,688,13,2.63905732961526,688,4.28926887651221,5.62932403724697,688,20.9285714285714
"SKPW_30",9,25.6416664123535,163.551956176758,31.6198215484619,1180,88.2585678100586,49.8033790588379,4,0.749675005548686,0.220140143948762,0.0301848505025524,689,2,1.09861228866811,689,3.41172823394878,4.4778909156351,689,20.7321428571429
"SKPW_31",11,25.3083324432373,163.718627929688,31.591251373291,1206,90.6360168457031,3214.1513671875,4,0.451417517600051,0.538054163759751,0.0105283186401979,690,0,0,690,3.736593867137,4.90154204003935,690,20.5862068965517
"SKPW_32",2,25.1666660308838,159.264404296875,31.309175491333,1195,88.0276718139648,1538.271484375,4,0.358205168859997,0.62606627556683,0.0157285555731727,691,11,2.484906649788,691,4.04868209800217,5.41749353625937,691,21.1551724137931
"SKPW_33",2,25.0791664123535,156.328002929688,31.6926536560059,1180,87.702507019043,1230.05261230469,4,0.495161955521716,0.486564512547191,0.0182735319310936,692,12,2.56494935746154,692,4.12369473548004,5.45194743349843,692,21.4310344827586
"SKPW_34",11,25.2541675567627,153.437255859375,31.4462108612061,1116,86.193489074707,11656.3310546875,4,0.535402860132543,0.452674636141675,0.0119225037257824,693,7,2.07944154167984,693,3.26221564665294,4.20877796479385,693,22.1551724137931
"SKPW_35",11,25.4541664123535,154.779281616211,33.0442237854004,1111,85.6896209716797,13207.2880859375,4,0.431353271383718,0.552630744346833,0.0160159842694491,694,1,0.693147180559945,694,2.90644641449435,3.74593860785305,694,21.051724137931
"SKPW_36",2,25.2291660308838,154.352890014648,31.8189086914062,1122,85.7712707519531,14033.3330078125,4,0.479974631361979,0.494593309021722,0.0254320596162993,695,7,2.07944154167984,695,3.17709004102157,4.15049707173606,695,21.0862068965517
"SKPW_37",2,25.0041656494141,154.01383972168,30.707088470459,1165,86.6402359008789,14244.55078125,4,0.986428639375971,0.0117639597932587,0.00180740083077021,696,7,2.07944154167984,696,3.56449121153777,4.62297699713728,696,19.8448275862069
"SKPW_38",2,24.7625007629395,154.818450927734,30.4358463287354,1181,86.1695175170898,11424.96484375,4,0.947842353911031,0.0467040806620375,0.00545356542693174,697,7,2.07944154167984,697,2.9891603736654,3.7807592395312,697,19.1929824561403
"SKPW_39",2,24.6749992370605,155.0146484375,29.6812877655029,1191,86.57080078125,8095.15576171875,4,0.89018550816553,0.108990011098779,0.000824480735690503,698,20,3.04452243772342,698,2.40246345567638,3.03608698274929,698,19.8035714285714
"SKPW_40",2,24.6875,154.553985595703,29.888744354248,1186,87.525749206543,4661.60693359375,4,0.928052763420744,0.0633541554364715,0.00859308114278466,699,19,2.99573227355399,699,3.57010523679814,4.62783850834134,699,21.3392857142857
"SKPW_41",3,25.0125007629395,156.512054443359,31.5765132904053,1177,86.5043716430664,1292.01135253906,4,0.47624936580416,0.502727042110604,0.0210235920852359,700,18,2.94443897916644,700,3.24731651977116,4.22580651335566,700,20.0892857142857
"SKPW_42",2,24.4500007629395,143.447830200195,29.9987468719482,1126,86.5759429931641,4626.35595703125,4,1,0,0,701,0,0,701,2.38520968149704,3.08927899665187,701,17.9310344827586
"SKPW_43",2,24.9208335876465,147.62451171875,32.0695571899414,1100,86.0500640869141,6764.83154296875,4,0.928748097412481,0.0637683916793506,0.00748351090816844,702,0,0,702,2.47502746261283,3.05766966241323,702,17.7586206896552
"SKPW_44",2,23.5833339691162,149.12370300293,29.3627052307129,1184,89.5696868896484,1866.79650878906,4,0.979927065165689,0.0171238306643412,0.00294910416996987,703,11,2.484906649788,703,4.34079740968743,5.79205427529414,703,20.1724137931034
"SKPW_45",2,24.0249996185303,149.537185668945,30.1889305114746,1203,88.006721496582,3306.95922851562,4,1,0,0,704,24,3.2188758248682,704,4.59698026303608,6.01070393808947,704,18.9661016949153
"SKPW_46",2,24.6166667938232,155.568344116211,30.5782165527344,1203,88.5862197875977,1149.80029296875,4,0.844194970348524,0.147020581612913,0.00878444803856277,705,16,2.83321334405622,705,3.36735410392054,4.3608973090262,705,20.0175438596491
"SKPW_47",11,25.6333332061768,158.291076660156,32.8315277099609,1145,86.3568649291992,1766.44091796875,4,0.440712903941902,0.54936098690261,0.0099261091554879,706,0,0,706,3.23414666725478,4.18470499525975,706,20.9310344827586
"SKPW_48",2,24.4541664123535,143.486770629883,29.8063659667969,1118,86.6900634765625,3388.09423828125,4,0.973555710571374,0.0241930369712728,0.00225125245735303,707,0,0,707,2.54291708325982,3.18350028324016,707,18.4827586206897
"SKPW_49",11,25.0166664123535,144.762084960938,32.1648864746094,1083,86.1196746826172,4343.185546875,4,0.629492181304913,0.343419925777905,0.0270878929171821,708,0,0,708,2.7877202349072,3.45325943242724,708,16.7796610169492
"SKPW_50",2,25.0166664123535,147.607192993164,31.3325176239014,1093,86.0164489746094,7507.7666015625,4,0.723159363307756,0.259813558247194,0.0170270784450504,709,0,0,709,2.51354747164794,3.12857124272924,709,16.2631578947368
"SKPW_51",2,25.125,148.408218383789,30.3275470733643,1085,85.6232757568359,7933.1328125,4,0.979418387086544,0.0175371832683221,0.00304442964513367,710,0,0,710,2.24689920582714,2.81852928235217,710,16.4
"SKPW_52",2,25.216667175293,151.317428588867,31.0999774932861,1083,86.5269317626953,11451.853515625,4,0.729466607471301,0.254931185387201,0.0156022071414981,711,0,0,711,2.77255537022789,3.58690785123337,711,18.6034482758621
"SKPW_53",2,24.3250007629395,149.946960449219,29.4819431304932,1168,86.6436462402344,13594.498046875,4,1,0,0,712,1,0.693147180559945,712,3.41220728563448,4.64610635942172,712,26
"SLWN_01",2,25.3583335876465,162.56233215332,31.8404998779297,1237,94.8952407836914,5102.841796875,4,0.729731443609499,0.257395605440883,0.0128729509496179,713,4,1.6094379124341,713,2.76271092055474,3.51185531772049,713,21.1052631578947
"SLWN_02",2,25.2916660308838,161.172317504883,31.4973983764648,1226,93.8683624267578,8190.19580078125,4,0.91901832709747,0.0725156953516393,0.00846597755089099,714,4,1.6094379124341,714,3.36935817621149,4.38127690529337,714,21.4285714285714
"SLWN_03",11,25.4166660308838,161.981094360352,32.2431030273438,1205,93.7700653076172,7924.9990234375,4,0.410802067806286,0.571405917985475,0.0177920142082395,715,4,1.6094379124341,715,3.42130902612311,4.50418865799137,715,21.5892857142857
"SLWN_04",11,25.3041667938232,161.491027832031,33.3005218505859,1214,94.0843734741211,7647.85986328125,4,0.2816057329486,0.701398357484859,0.0169959095665409,716,3,1.38629436111989,716,2.72774585174722,3.53168112771553,716,23.3793103448276
"SLWN_05",11,25.2708339691162,159.59407043457,32.749927520752,1203,93.575065612793,7151.251953125,4,0.217624302384576,0.771752917300862,0.0106227803145611,717,4,1.6094379124341,717,2.81836538721778,3.64374513748507,717,22.8965517241379
"SLWN_06",2,25.154167175293,157.457901000977,31.8026103973389,1206,93.4998474121094,9197.59375,4,0.798496812862715,0.195414327847017,0.00608885929026734,718,3,1.38629436111989,718,2.41864945815331,3.04425294894487,718,21.8771929824561
"SLWN_07",2,25.25,159.359497070312,33.2121925354004,1203,93.8646011352539,4035.30322265625,4,0.475094327657821,0.508893750594502,0.0160119217476775,719,1,0.693147180559945,719,2.3628636643628,3.05399122533225,719,22.1052631578947
"SLWN_08",2,25.2708339691162,157.573318481445,33.0429916381836,1192,93.0836410522461,2620.24462890625,4,0.580149040748375,0.401426985888695,0.0184239733629301,720,0,0,720,2.41832558701169,3.15860869880315,720,21.4912280701754
"SLWN_09",5,25.1625003814697,156.366775512695,32.7546920776367,1178,93.014762878418,2157.69946289062,4,0.83114000317108,0.154653559537022,0.0142064372918979,721,1,0.693147180559945,721,2.21609859348458,2.83103125085613,721,21.7241379310345
"SLWN_10",2,25.1083335876465,155.969589233398,32.1944160461426,1159,92.9192504882812,599.712097167969,4,0.837742672249715,0.137323943661972,0.0249333840883137,722,3,1.38629436111989,722,2.566948132331,3.30900110843408,722,20.5
"SLWN_11",2,24.7999992370605,152.046646118164,30.8906879425049,1202,91.1915054321289,8757.7509765625,4,0.970255271920089,0.0281908990011099,0.00155382907880133,723,24,3.2188758248682,723,2.95463411939724,3.79643060669729,723,20.0714285714286
"SLWN_12",11,24.8791675567627,153.27424621582,31.6951236724854,1188,91.8645248413086,6731.0146484375,4,0.771311683369276,0.220093872891031,0.00859444373969301,724,17,2.89037175789616,724,3.25657682112044,4.21407757612911,724,20.6610169491525
"SLWN_13",2,24.7999992370605,152.702926635742,31.1597099304199,1190,92.5689926147461,3176.8935546875,4,0.704378983416305,0.281320353870057,0.0143006627136379,725,2,1.09861228866811,725,4.05528028260802,5.45853473509673,725,19.9310344827586
"SLWN_14",2,24.8916664123535,151.774856567383,31.7876796722412,1171,91.9299087524414,205.344589233398,4,0.797577141407414,0.173564202581423,0.0288586560111629,726,3,1.38629436111989,726,3.56088821513625,4.57823424847457,726,20.9310344827586
"SLWN_15",2,24.9208335876465,153.703659057617,31.9061717987061,1158,92.4241714477539,1196.31823730469,4,0.828793404154115,0.158966228000634,0.0122403678452513,727,3,1.38629436111989,727,3.0693797507041,3.99447143839649,727,20.9473684210526
"SLWN_16",2,24.8833332061768,152.305526733398,31.9073944091797,1161,92.6516876220703,249.016891479492,4,0.958825022205304,0.0329272934906738,0.00824768430402233,728,3,1.38629436111989,728,2.82176255304561,3.66799454652839,728,20.9827586206897
"SLWN_17",2,25.1375007629395,155.126403808594,32.0340156555176,1166,92.6652221679688,529.417175292969,4,0.741042551842222,0.226266725854525,0.0326907223032532,729,3,1.38629436111989,729,2.80579723857259,3.60730745855661,729,21.1333333333333
"SLWN_18",11,25.2291660308838,156.821502685547,32.3884239196777,1177,92.4287796020508,99.6067581176758,4,0.716963181428979,0.234199093013668,0.0488377255573526,730,0,0,730,3.75488014198326,4.96221944321681,730,21.2727272727273
"SLWN_19",11,25.341667175293,158.74267578125,32.1978645324707,1189,92.255973815918,281.730438232422,4,0.527837666455295,0.412079898541535,0.0600824350031706,731,15,2.77258872223978,731,3.35998743281426,4.32028252578798,731,21.5
"SLWN_20",2,25.2916660308838,158.484756469727,31.7327651977539,1174,91.4049835205078,2717.82299804688,4,0.636966103307226,0.343754954497891,0.0192789421948822,732,15,2.77258872223978,732,3.12584025197075,4.10320913749829,732,20.8070175438597
"SLWN_21",2,25.1000003814697,156.292266845703,31.860330581665,1176,91.9973602294922,4165.0634765625,4,0.829474819231257,0.157903082582773,0.0126220981859698,733,17,2.89037175789616,733,2.79982180695404,3.54266289802751,733,19.8928571428571
"SLWN_22",2,25.0499992370605,156.219543457031,31.6504383087158,1186,91.7914352416992,5919.06396484375,4,0.807624001014842,0.177724216668781,0.014651782316377,734,15,2.77258872223978,734,2.92682779775805,3.73495752644964,734,21.0350877192982
"SLWN_23",11,25.4125003814697,161.134124755859,32.8573455810547,1210,92.4299621582031,1596.81774902344,4,0.374155700015855,0.615030918027588,0.0108133819565562,735,3,1.38629436111989,735,3.49217520286317,4.62896500122568,735,21.8214285714286
"SLWN_24",11,25.2916660308838,159.257263183594,32.0540084838867,1208,92.7575454711914,1902.984375,4,0.643876450814993,0.332878797488425,0.0232447516965815,736,0,0,736,3.28392780428126,4.31123825599407,736,20.3103448275862
"SLWN_25",2,25.3125,158.072540283203,31.6264781951904,1189,92.6496200561523,890.909912109375,4,0.889043919454574,0.099318217853179,0.0116378626922467,737,0,0,737,3.76348860047282,4.89411912466717,737,20.6909090909091
"SLWN_26",2,25.1000003814697,158.300643920898,31.0257511138916,1222,93.0965881347656,4103.2666015625,4,0.917356420258142,0.0735737164240637,0.00906986331779406,738,1,0.693147180559945,738,2.52861756312354,3.2762150182685,738,20.6111111111111
"SLWN_27",2,25.220832824707,160.31867980957,32.1513252258301,1231,92.999755859375,5180.5087890625,4,0.857160975300422,0.132883097117854,0.00995592758172421,739,1,0.693147180559945,739,3.21211231451978,4.15598370851391,739,21.5090909090909
"SLWN_28",2,25.2291660308838,161.758209228516,31.4441623687744,1239,93.2410049438477,7936.8837890625,4,0.939212328767123,0.0540334855403349,0.00675418569254186,740,4,1.6094379124341,740,3.86580527166583,5.09776779116854,740,22.3793103448276
"SLWN_29",2,25.529167175293,164.765121459961,31.4683628082275,1245,94.203971862793,3099.83520507812,4,0.804325078479247,0.179661984335859,0.0160129371848939,741,1,0.693147180559945,741,2.4460985302268,3.07012547962302,741,20.9137931034483
"SLWN_30",2,25.4874992370605,162.370590209961,32.5445175170898,1236,93.0847625732422,5887.1298828125,4,0.285632748834702,0.702159368360973,0.0122078828043251,742,1,0.693147180559945,742,3.18430669849758,4.1363324915397,742,22.1724137931034
"SLWN_31",11,25.5666656494141,164.459625244141,32.6430053710938,1244,92.5665969848633,2824.77807617188,4,0.16998065518663,0.819490692290616,0.0105286525227539,743,4,1.6094379124341,743,3.31838616892068,4.28095958447095,743,22.5454545454545
"SLWN_32",2,25.4874992370605,164.193969726562,32.7837448120117,1217,92.4803771972656,1389.14819335938,4,0.433490820306307,0.549005929543076,0.0175032501506167,744,6,1.94591014905531,744,2.44219235547966,3.1816813892912,744,22.2105263157895
"SLWN_33",11,25.4791660308838,161.800369262695,32.5467109680176,1198,92.1948852539062,633.8935546875,4,0.641461557980208,0.333259325044405,0.025279116975387,745,5,1.79175946922805,745,3.80556600544499,5.04147297470823,745,21.8474576271186
"SLWN_34",11,25.5499992370605,162.298828125,32.4708633422852,1199,92.9182357788086,2828.7265625,4,0.415913487457584,0.562204674468018,0.0218818380743982,746,5,1.79175946922805,746,1.80975207554778,2.28291282430727,746,23.4285714285714
"SLWN_35",11,25.6124992370605,162.468521118164,32.8988151550293,1204,92.8941345214844,5648.01953125,4,0.243149816059876,0.74866801978942,0.00818216415070405,747,7,2.07944154167984,747,2.18680664001853,2.81833238930154,747,22.2413793103448
"SLWN_36",2,25.4583339691162,161.4541015625,32.5532264709473,1202,92.0687942504883,7135.10546875,4,0.44019533231862,0.541286149162861,0.0185185185185185,748,9,2.30258509299405,748,2.46415014532362,3.20591790160598,748,21.8983050847458
"SLWN_37",2,25.2458324432373,158.866119384766,31.4881114959717,1199,91.0050354003906,7071.728515625,4,0.939564969243452,0.0515568520514934,0.00887817870505422,749,24,3.2188758248682,749,2.50628609633525,3.22964376021586,749,19.8793103448276
"SLWN_38",11,25.1791667938232,159.023406982422,32.6996459960938,1211,92.1500549316406,3997.322265625,4,0.769538188277087,0.222690941385435,0.0077708703374778,750,20,3.04452243772342,750,3.18057978817585,4.17008453600604,750,20.9310344827586
"SLWN_39",2,25.3624992370605,163.15251159668,32.4146690368652,1206,92.6351318359375,1534.23510742188,4,0.834617702089874,0.154409666064123,0.0109726318460026,751,20,3.04452243772342,751,2.99871798385068,3.92841319057429,751,21.1272727272727
"SLWN_40",2,25.5666656494141,162.247482299805,32.7685585021973,1202,92.6142044067383,205.344589233398,4,0.501743927959921,0.464582408523052,0.0336736635170271,752,5,1.79175946922805,752,3.96385829246998,5.35125691844733,752,22.5263157894737
"SLWN_41",11,25.4333324432373,161.024200439453,32.2269325256348,1190,92.1609115600586,99.6067581176758,4,0.854216217930422,0.116132305838328,0.0296514762312498,753,18,2.94443897916644,753,4.04847008526022,5.32143068689939,753,21.4655172413793
"SMGN_01",11,25.7458324432373,119.819129943848,37.1851844787598,928,86.2835388183594,6940.5615234375,4,0.161095959916281,0.815912982812203,0.0229910572715165,754,1,0.693147180559945,754,2.33448696425369,2.91915770413583,754,22.8181818181818
"SMGN_02",11,25.6833324432373,119.816749572754,36.3251113891602,926,86.1753616333008,5169.00537109375,4,0.373616616457904,0.612050103060092,0.0143332804820041,755,15,2.77258872223978,755,1.96697182244752,2.44978722674208,755,19.551724137931
"SMGN_03",2,25.7541656494141,120.197898864746,36.0653610229492,930,86.1913986206055,2882.14868164062,4,0.896295826462007,0.094634022580236,0.0090701509577572,756,14,2.70805020110221,756,1.97338110108947,2.43371907795701,756,19.8965517241379
"SMGN_04",2,25.595832824707,120.235717773438,36.1094398498535,940,86.9595642089844,2904.01123046875,4,0.95310419176866,0.0411249920730547,0.00577081615828524,757,17,2.89037175789616,757,2.337827227604,2.84437736618185,757,20.2631578947368
"SMGN_05",2,25.5249996185303,121.309158325195,35.295841217041,951,86.8416061401367,3594.47924804688,4,1,0,0,758,3,1.38629436111989,758,2.0098144763165,2.41519245161059,758,19.8214285714286
"SMGN_06",11,25.3166656494141,125.160514831543,35.0327301025391,957,87.5962524414062,1275.5888671875,4,0.58642229761867,0.398294067286045,0.0152836350952849,759,5,1.79175946922805,759,2.29718041818349,2.89365075822472,759,20.5263157894737
"SMGN_07",2,25.4791660308838,123.42569732666,34.3162155151367,950,86.4958419799805,1703.53759765625,4,0.960012684319011,0.03786269224671,0.00212462343427937,760,3,1.38629436111989,760,1.99426708560895,2.41748359350785,760,19.8620689655172
"SMGN_08",2,25.5874996185303,121.620193481445,34.9444885253906,953,87.0376815795898,4233.287109375,4,0.949392776738434,0.0446142626121698,0.00599296064939595,761,3,1.38629436111989,761,2.03979766729105,2.57199952953923,761,19.8571428571429
"SMGN_09",2,25.5458335876465,123.885162353516,34.0845603942871,956,86.2298965454102,3430.65380859375,4,0.97783274664637,0.0200742079726001,0.0020930453810294,762,3,1.38629436111989,762,2.00051496565817,2.45604119584608,762,19.0689655172414
"SMGN_10",11,25.7083339691162,122.229904174805,35.6841583251953,941,85.9108123779297,5701.34521484375,4,0.381200050742103,0.603513890650767,0.0152860586071293,763,2,1.09861228866811,763,2.03740282409695,2.42275004675261,763,20.7931034482759
"SMGN_11",2,25.2333335876465,123.77278137207,35.1232528686523,962,87.6702499389648,1882.67309570312,4,0.783435855158856,0.19186378337244,0.0247003614687044,764,5,1.79175946922805,764,2.27696922139155,2.91241650817693,764,21.2068965517241
"SMGN_12",2,25.3541660308838,121.177154541016,34.7587738037109,948,87.1975326538086,5063.56103515625,4,0.786722044323262,0.194096572714879,0.0191813829618592,765,7,2.07944154167984,765,2.12498079302054,2.59239123203405,765,19.1016949152542
"SMGN_13",2,25.091667175293,121.987945556641,35.0787506103516,959,87.7302856445312,6077.23681640625,4,0.916153992516014,0.0710661508213357,0.0127798566626498,766,21,3.09104245335832,766,2.19815390867266,2.83871933509564,766,20.7413793103448
"SMGN_14",2,24.6708335876465,123.093795776367,34.539363861084,976,87.7759399414062,7629.025390625,4,0.887208269913749,0.103976407914764,0.00881532217148655,767,3,1.38629436111989,767,3.05653722048406,3.94412572613438,767,19.8
"SMGN_15",2,25.3125,122.717811584473,34.2610931396484,950,87.1069641113281,5735.1787109375,4,0.7953132927448,0.191749112125824,0.012937595129376,768,69,4.24849524204936,768,2.66772889046218,3.38211339715622,768,18.6909090909091
"SMGN_16",2,24.7083339691162,124.276695251465,32.6997261047363,972,87.1759338378906,8164.41259765625,4,0.705089583003012,0.267195179958776,0.0277152370382115,769,15,2.77258872223978,769,2.56363725198436,3.32067472264258,769,19.5862068965517
"SMGN_17",2,25.5666675567627,120.252250671387,35.0801124572754,940,86.5883636474609,3916.45849609375,4,0.997463136197875,0.00139527509116854,0.00114158871095608,770,64,4.17438726989564,770,2.10397976499079,2.69372371142621,770,20.1929824561403
"SMGN_18",2,25.7416667938232,120.337272644043,34.9888305664062,931,86.0640106201172,6474.43896484375,4,0.897475740470603,0.0987505549565548,0.00377370457284201,771,74,4.31748811353631,771,2.121304537698,2.62172697639243,771,20.2758620689655
"SMGN_19",2,25.8541660308838,120.273529052734,35.676700592041,928,85.1688385009766,3950.51000976562,4,0.786230735079597,0.194773894843661,0.0189953700767426,772,63,4.15888308335967,772,2.03231696247357,2.5381226584176,772,21.3965517241379
"SMGN_20",11,25.8875007629395,123.603584289551,35.6149940490723,932,84.5425109863281,6696.1005859375,4,0.327382839748874,0.656636438582028,0.0159807216690976,773,27,3.3322045101752,773,1.87546040739864,2.32797346221014,773,22.3620689655172
"SMGN_21",2,25.9125003814697,123.493209838867,36.4640960693359,915,83.9604721069336,10607.1845703125,4,0.553370964673051,0.43518107439589,0.0114479609310585,774,577,6.35957386867238,774,1.9182532757658,2.32893595975988,774,22.5
"SMGN_22",2,25.8624992370605,123.989112854004,35.7525482177734,920,84.1146011352539,8455.5810546875,4,0.585769547847042,0.406462045786036,0.00776840636692244,775,23,3.17805383034795,775,2.38747138858235,2.94634691614076,775,24.4642857142857
"SMGN_23",11,25.9458332061768,119.762245178223,37.096565246582,938,84.5429763793945,9135.900390625,4,0.0441456298363567,0.950145883546873,0.00570848661677027,776,70,4.26267987704132,776,1.96454213923735,2.42073753230037,776,24.1607142857143
"SMGN_24",11,25.908332824707,118.22233581543,37.1273460388184,941,84.5528182983398,11894.7734375,4,0.0348151436362483,0.959445747986556,0.00573910837719576,777,78,4.36944785246702,777,2.02483137396128,2.51259729606591,777,24.4107142857143
"SMGN_25",11,25.8916664123535,116.498817443848,37.05517578125,935,85.1125411987305,10814.2158203125,4,0.0501078269694279,0.944405683115565,0.00548648991500698,778,79,4.38202663467388,778,2.11888162351831,2.59881291792054,778,23.7586206896552
"SMGN_26",11,25.8374996185303,115.996192932129,36.8793182373047,940,85.3653106689453,14163.26171875,4,0.0752521088349083,0.914758673178157,0.00998921798693474,779,78,4.36944785246702,779,2.07032852131348,2.6093402884857,779,25.3214285714286
"SMGN_27",11,25.779167175293,118.656448364258,36.4500579833984,940,85.097541809082,17293.25,4,0.117223666687805,0.871646902149788,0.0111294311624073,780,63,4.15888308335967,780,2.30671632572717,2.828905439168,780,24.6428571428571
"SMGN_28",2,25.6083335876465,120.752052307129,35.4685707092285,934,86.29833984375,15568.7138671875,4,0.495590661083619,0.499682781372922,0.00472655754345895,781,70,4.26267987704132,781,2.17723757782402,2.69434400992036,781,21.6842105263158
"SMGN_29",2,25.5041675567627,121.626441955566,34.9013137817383,940,86.3110046386719,13441.1005859375,4,0.761779440674742,0.229532627306741,0.00868793201851734,782,72,4.29045944114839,782,2.27173776648319,2.81026377538491,782,20.4655172413793
"SMGN_30",11,25.216667175293,123.054557800293,32.684253692627,940,86.4113540649414,11128.0185546875,4,0.910157612659753,0.0791551707734754,0.0106872165667713,783,80,4.39444915467244,783,2.28086089407817,2.94380218683804,783,19.6724137931034
"SMGN_31",11,25.7625007629395,119.032554626465,36.3065185546875,928,85.8894348144531,12586.9599609375,4,0.0423102540518253,0.952805353801262,0.00488439214691237,784,81,4.40671924726425,784,2.18643575327324,2.79104806662858,784,23.5438596491228
"SMGN_32",2,25.6416664123535,120.337280273438,35.0876770019531,931,85.9972763061523,9065.4462890625,4,0.923130589205302,0.0725883173717258,0.00428109342297203,785,81,4.40671924726425,785,2.08325395794891,2.68467045609286,785,20.3684210526316
"SMGN_33",2,25.7749996185303,119.933700561523,36.1963424682617,929,85.82421875,8509.2392578125,4,0.599562432620965,0.394000887817871,0.00643667956116431,786,76,4.34380542185368,786,1.87912220768849,2.38265476794669,786,21.7586206896552
"SMGN_34",11,25.8833332061768,119.265441894531,35.9003486633301,929,86.462646484375,5893.8671875,4,0.468864004060527,0.515052501348222,0.0160834945912508,787,68,4.23410650459726,787,1.95545220165324,2.43703623257808,787,22.5614035087719
"SMGN_35",11,25.8291664123535,122.20435333252,35.2749557495117,917,84.0965576171875,6735.8037109375,4,0.754916264907384,0.228431870083735,0.016651865008881,788,21,3.09104245335832,788,1.76706599713785,2.17655391698678,788,20.4
"SMGN_36",2,25.8166656494141,119.797813415527,35.9652900695801,927,84.8419570922852,3551.4384765625,4,0.943051019437486,0.0516536132162222,0.00529536734629166,789,20,3.04452243772342,789,1.98160154878561,2.38578726502533,789,20.9298245614035
"SMGN_37",2,25.7875003814697,118.898826599121,36.301383972168,927,86.2133483886719,740.380432128906,4,0.511782055754654,0.471155370904824,0.017062573340522,790,21,3.09104245335832,790,2.13847090520126,2.64281987810468,790,20.7678571428571
"SMGN_38",11,25.5083332061768,120.14826965332,35.3848838806152,936,86.9581832885742,3313.32861328125,4,0.594926272395751,0.393213889329317,0.0118598382749326,791,21,3.09104245335832,791,2.84944007412957,3.64484786208568,791,20.4137931034483
"SMGN_39",2,24.1958332061768,124.361251831055,31.8721294403076,1006,87.8127212524414,9339.294921875,4,0.923486867148839,0.0669965740388276,0.00951655881233346,792,8,2.19722457733622,792,3.89223738027624,5.1616984578617,792,19.65
"SMGN_40",2,24.595832824707,124.54386138916,33.2587051391602,990,88.3862991333008,8627.6357421875,4,0.909508862043819,0.084371730238752,0.00611940771742921,793,3,1.38629436111989,793,4.06791065865545,5.33950508322432,793,21.3666666666667
"SMGN_41",2,25.3999996185303,125.571441650391,34.7204818725586,965,86.9962539672852,398.427032470703,4,0.929864612067599,0.0545356542693174,0.0155997336630838,794,3,1.38629436111989,794,2.00973982339344,2.45979285504311,794,20.8035714285714
"SMGN_42",11,25.2083339691162,126.038108825684,34.6135406494141,970,88.4957504272461,3514.93334960938,4,0.498715712700174,0.474996036150309,0.0262882511495164,795,4,1.6094379124341,795,2.44961052794593,3.2011283197926,795,21.0172413793103
"SMGN_43",2,25.091667175293,126.398223876953,34.6354789733887,984,88.0740051269531,6381.24951171875,4,0.950573838057194,0.0430854099296177,0.00634075201318876,796,4,1.6094379124341,796,2.59148193209689,3.29609477081566,796,21.4310344827586
"SMGN_44",11,25.9791660308838,123.149169921875,35.8831634521484,922,84.1835174560547,12253.048828125,4,0.0607799619530755,0.932308180088776,0.00691185795814838,797,2576,7.85438121065236,797,2.21675802146918,2.69492090969347,797,24.3103448275862
"SMGN_45",11,25.9791660308838,123.628074645996,36.0608825683594,919,83.7104721069336,11058.14453125,4,0.067444588895583,0.926118527443955,0.00643688366046231,798,2809,7.94093976232779,798,2.05110816729495,2.47943721170211,798,23.4912280701754
"2103",2,24.3541660308838,315.417877197266,33.6949920654297,879,122.382034301758,6329.73291015625,4,0.964295906395662,0.0330088467514348,0.00269524685290294,799,4495,8.41094339157353,799,7.73196880377639,10.4470408713828,799,22.1896551724138
"2887",11,24.9375,323.033386230469,32.0831108093262,855,123.597816467285,961.862976074219,4,0.414473266949959,0.562028286928395,0.0234984461216465,800,102,4.63472898822964,800,2.81199979483649,3.5733895149711,800,22.1034482758621
"5080",2,24.6708335876465,320.790618896484,34.1075706481934,871,122.313682556152,5211.29931640625,4,0.974842966816826,0.0222701605228095,0.00288687266036419,801,3526,8.16820293023605,801,5.34889100038252,7.05119431926726,801,20.8947368421053
"7630",2,24.4416656494141,314.69921875,34.6233711242676,884,121.839988708496,5587.974609375,4,0.911907404471222,0.0825432059616299,0.00554938956714761,802,182,5.20948615284142,802,3.73565893684364,4.90359342077359,802,21.728813559322
"11139",2,23.7958335876465,311.808898925781,33.498348236084,903,121.12540435791,7574.2080078125,4,0.810611105825643,0.169758665525006,0.0196302286493515,803,350,5.86078622346587,803,3.79077942667067,5.03809150236521,803,22.3606557377049
"12241",2,24.8958339691162,322.972412109375,34.0766067504883,859,124.051696777344,2241.15209960938,6,0.842816365366318,0.140976847446876,0.0162067871868062,804,18,2.94443897916644,804,2.11271468590205,2.63111381586451,804,23.3818181818182
"14532",2,24.9208335876465,322.401916503906,32.2675743103027,856,122.87873840332,986.056579589844,4,0.954186614248121,0.0291366792428902,0.0166767065089883,805,2152,7.67461749736436,805,2.56545380522555,3.27479793963539,805,22.7586206896552
"16058",10,25.1333332061768,323.281005859375,33.3252792358398,853,122.870124816895,314.984222412109,4,0.456133675766511,0.400107803037509,0.14375852119598,806,111,4.71849887129509,806,2.98330235176984,3.87282505280218,806,23.3448275862069
"16808",11,24.8500003814697,321.466857910156,34.5858039855957,861,123.043251037598,4028.84423828125,4,0.478167115902965,0.507721579197717,0.0141113048993182,807,73,4.30406509320417,807,3.31073492103369,4.28847953509534,807,21.3103448275862
"18297",2,24.8083324432373,321.055328369141,34.1410522460938,862,123.058135986328,1655.54089355469,4,0.59201344836336,0.398502918041106,0.00948363359553413,808,3254,8.08794755464267,808,3.48020278965407,4.45867033124283,808,22.4333333333333
"20136",2,24.2749996185303,310.955261230469,33.8387069702148,886,122.175361633301,3052.66674804688,4,0.741302210522977,0.241952364339856,0.0167454251371666,809,485,6.18620862390049,809,5.54102666593645,7.28867337417157,809,22.5
"24941",11,25.0625,323.188140869141,32.9312324523926,854,123.319030761719,388.976837158203,4,0.196941818412537,0.63492164202779,0.168136539559673,810,1027,6.93537044601511,810,2.182169137601,2.75615490053192,810,23.85
"28708",2,24.6791667938232,317.106658935547,34.4395179748535,870,122.626823425293,1621.48046875,4,0.989280730686287,0.00849930229608017,0.00221996701763288,811,51,3.95124371858143,811,2.16937428997845,2.6937988620037,811,21.8333333333333
"32925",2,25.125,320.635040283203,33.8103981018066,863,121.539070129395,1828.53698730469,4,0.971017250126839,0.0284753932014206,0.000507356671740233,812,111,4.71849887129509,812,2.20876559044511,2.75123553409755,812,21.4310344827586
"37291",2,24.9791660308838,323.211547851562,32.8092308044434,851,124.271621704102,0,4,0.534838730138594,0.312961847071136,0.15219942279027,813,80,4.39444915467244,813,2.27206952210908,2.86142834101882,813,23.6964285714286
"39205",11,24.9333324432373,323.027801513672,33.0731468200684,873,121.809242248535,1871.44104003906,4,0.347583407332234,0.638399086642141,0.0140175060256248,814,1674,7.42356844425917,814,3.17632986467008,4.08100921416951,814,22.8571428571429
"40446",2,24.970832824707,319.583923339844,34.4225540161133,871,121.331001281738,3586.18896484375,4,0.976121012240756,0.0201369949895351,0.00374199276970889,815,538,6.289715570909,815,5.62727010422951,7.59828848646511,815,21.2068965517241
"41048",2,24.6291656494141,315.597961425781,34.3224678039551,876,121.980087280273,3385.53076171875,4,0.848407966510212,0.146168971203856,0.00542306228593175,816,7,2.07944154167984,816,6.39438300786326,8.8149343267418,816,22.0545454545455
"44665",2,24.8500003814697,321.396118164062,33.7034149169922,860,123.023818969727,2293.11962890625,4,0.785845646521656,0.205751791489632,0.00840256198871203,817,369,5.91350300563827,817,2.57131531991758,3.28785815066468,817,22.3214285714286
"48142",2,24.875,321.724761962891,33.009521484375,859,123.711822509766,1360.27966308594,4,0.925055502695845,0.0675864256263876,0.00735807167776721,818,3,1.38629436111989,818,2.68926810477528,3.36334399592267,818,21.4727272727273
"57977",5,25.2000007629395,322.532592773438,33.9065742492676,845,123.461090087891,0,6,0.188730697276215,0.636268510004122,0.175000792719663,819,104,4.65396035015752,819,2.20333485852789,2.79446654240453,819,23.3793103448276
"59369",2,24.8916664123535,322.348175048828,32.9011192321777,857,123.921028137207,2031.58715820312,4,0.921925540686243,0.0725883173717258,0.00548614194203082,820,3,1.38629436111989,820,3.04173575752336,3.86649105861653,820,21.2727272727273
"61771",2,24.716667175293,321.377258300781,33.6968688964844,866,122.429557800293,3889.76806640625,4,0.238394216133942,0.744926433282598,0.0166793505834602,821,2030,7.61628356158038,821,4.93815005343743,6.58887290843374,821,22.5344827586207
"70451",11,24.9958343505859,320.974792480469,34.854808807373,880,120.287322998047,3147.47900390625,4,0.490470300954556,0.489201788602417,0.0203279104430279,822,2091,7.64587582518481,822,3.09011763332492,3.9947709508957,822,21.1379310344828
"25638",4,24.875,319.506042480469,34.364128112793,865,122.737937927246,3430.65380859375,4,0.430333587011669,0.559360730593607,0.0103056823947235,823,7,2.07944154167984,823,2.30894706884297,2.89854236349807,823,21.0181818181818
"52266",11,24.2041664123535,314.617065429688,33.3326683044434,891,121.445068359375,7722.09375,4,0.567839355391302,0.408717444405672,0.0234432002030264,824,4099,8.3187422526924,824,5.87263878487667,7.8193072810756,824,22.2857142857143
"65614",2,25.125,320.635040283203,33.8103981018066,863,121.539070129395,1693.31481933594,4,0.971648748929693,0.0279706973646656,0.000380553705641709,825,111,4.71849887129509,825,2.1943792048631,2.72102730866946,825,21.5344827586207
"67689",1,24.9750003814697,323.808990478516,31.3171730041504,852,123.397415161133,0,4,0.643380371016331,0.201490407483748,0.155129221499921,826,630,6.44730586254121,826,2.37066941979266,3.04027188251859,826,24.25
"71966",2,24.029167175293,311.896392822266,33.7748184204102,888,121.886848449707,1779.73059082031,4,0.995275390810794,0.00355138408853093,0.0011732251006754,827,219,5.39362754635236,827,6.83824048700472,9.07677960465485,827,23
"74535",2,24.5583343505859,314.626983642578,34.2858657836914,876,122.203086853027,2746.87182617188,4,0.978811812097567,0.0174453642909252,0.0037428236115076,828,300,5.70711026474888,828,3.96344351146243,5.11262470774407,828,22.8793103448276
"75586",2,23.9833335876465,311.698669433594,33.105541229248,899,121.294090270996,10409.3828125,4,0.568823921108539,0.393696293242858,0.0374797856486032,829,5084,8.53405030848266,829,5.25806209586833,7.09378653902368,829,21.9642857142857
"76162",2,23.970832824707,311.5537109375,34.2000770568848,895,122.238471984863,4243.82080078125,4,0.985255414275296,0.0111297840631639,0.00361480166154041,830,218,5.3890717298165,830,4.49540679874131,5.96157886796852,830,22.051724137931
"76689",1,24.9833335876465,324.977844238281,32.8928375244141,859,123.897201538086,0,4,0.0862478992928941,0.7397976979421,0.173954402765006,831,1168,7.06390396147207,831,2.38433236744673,2.97620531614074,831,23.5818181818182
"78475",2,24.8374996185303,319.560272216797,34.2470245361328,865,122.865447998047,3937.30249023438,4,0.956211554315429,0.0412201154163232,0.00256833026824783,832,31,3.46573590279973,832,2.48341418525651,3.11633670340483,832,20.6724137931034
"79020",1,24.9750003814697,323.808990478516,31.3171730041504,852,123.397415161133,0,4,0.646935734440886,0.199993659046955,0.153070606512159,833,630,6.44730586254121,833,2.39622990291549,3.07852138943142,833,24.0862068965517
"70541",11,25.0458335876465,320.492950439453,34.5098762512207,874,121.036483764648,2601.71997070312,4,0.565131912734652,0.416412988330797,0.018455098934551,834,1472,7.29505641646263,834,2.40209472259416,3.02821571639258,834,21.3728813559322
"80068",11,24.7250003814697,320.635040283203,33.827938079834,874,122.129653930664,3342.767578125,4,0.43371812761639,0.550520106558417,0.0157617658251935,835,2720,7.90875473878325,835,4.61391662240396,6.08136647082224,835,21
"1",2,20.6000003814697,294.301940917969,28.1524925231934,841,118.065238952637,15909.822265625,4,0.997907352801294,0.00117315070230508,0.000919496496401281,836,680,6.52356230614951,836,12.7098973683236,17.7068169234548,836,24.6428571428571
"2",2,20.3083324432373,293.511901855469,27.4786243438721,862,116.555419921875,14790.513671875,4,0.960553018772197,0.0332001522070015,0.00624682902080162,837,26,3.29583686600433,837,7.05114541800904,9.32605315493841,837,27.0714285714286
"4",11,21.7333335876465,305.415771484375,29.4856967926025,827,117.885795593262,16614.111328125,4,0.293768828286031,0.679784366576819,0.0264468051371492,838,40,3.71357206670431,838,11.4288834385498,15.9326415516214,838,24.9818181818182
"5",2,20.5208339691162,295.65380859375,28.7280750274658,851,117.029556274414,15477.876953125,4,0.999936582426991,3.17087865047405e-05,3.17087865047405e-05,839,893,6.79570577517351,839,7.45549362757932,10.1861850233393,839,23.7454545454545
"6",2,20.970832824707,300.329071044922,29.0887794494629,843,117.206352233887,18543.986328125,4,0.969557634374504,0.0228951958141747,0.00754716981132075,840,404,6.00388706710654,840,11.9005278399812,17.1674342105263,840,23.2586206896552
"7",2,20.9958324432373,298.712829589844,29.7714538574219,840,117.565185546875,18263.654296875,4,0.796277506500095,0.193417464645824,0.0103050288540808,841,398,5.98896141688986,841,9.35619401541381,12.641360775063,841,22.8
"8",2,20.6958332061768,305.647308349609,28.7374649047852,860,117.599021911621,13911.6435546875,2,1,0,0,842,702,6.55535689181067,842,5.02838055208036,6.55327886487361,842,24
"9",2,20.533332824707,293.415100097656,29.2606658935547,835,119.00129699707,13738.873046875,4,0.994704968451758,0.00399505374298488,0.00129997780525698,843,400,5.99396142730657,843,14.0993410499764,19.6983161770568,843,26.7857142857143
"13",2,20.7749996185303,297.256378173828,28.6540584564209,847,117.186073303223,15823.4501953125,4,1,0,0,844,910,6.81454289725996,844,5.41770007391609,7.11678802953162,844,22.5
"14",2,20.7583332061768,305.129119873047,29.0702018737793,855,116.97102355957,15762.513671875,4,0.998699816071542,0.000983065897126911,0.000317118031331262,845,398,5.98896141688986,845,6.05930156880493,7.96384685431784,845,22.8035714285714
"15",2,20.2999992370605,295.350341796875,27.4091548919678,860,116.67601776123,17769.201171875,4,0.993246242627941,0.00558056947174837,0.00117318790031074,846,256,5.54907608489522,846,3.68998360258082,4.8630715842559,846,25.3965517241379
"16",2,20.5375003814697,301.821197509766,28.3170757293701,853,116.941635131836,16027.173828125,4,0.977298668357641,0.0198161065313887,0.0028852251109702,847,1006,6.91473089271856,847,3.08935293201735,3.97759363259593,847,22.3684210526316
"17",2,21.0874996185303,307.867492675781,28.5910091400146,848,117.116142272949,20088.240234375,4,0.823951032317402,0.161618724429926,0.014430243252672,848,68,4.23410650459726,848,9.80737083729827,13.0579922678591,848,24.6551724137931
"18",2,20.2291660308838,293.113830566406,28.2604351043701,857,116.923431396484,18358.068359375,4,0.991723744292237,0.00605657026889904,0.00221968543886352,849,470,6.15485809401642,849,6.79550527506616,9.14729360716207,849,25.6
"19",2,20.5041675567627,298.864959716797,27.790470123291,856,116.710098266602,18250.74609375,4,1,0,0,850,593,6.38687931936265,850,4.53353801565934,5.95483348525573,850,24.4915254237288
"20",2,21.4958324432373,304.283477783203,29.4985466003418,836,116.952423095703,18198.689453125,4,0.998350358479792,0.00111033563860161,0.000539305881606497,851,47,3.87120101090789,851,14.9128966901041,21.3851414355725,851,25.4285714285714
"21",2,21.2291660308838,302.868530273438,29.4145221710205,835,117.82396697998,15920.263671875,4,0.993277524099442,0.0051052765093861,0.00161719939117199,852,929,6.8351845861473,852,8.25327129411739,11.2131745061351,852,23.0666666666667
"22",2,20.9958324432373,300.571105957031,28.3711585998535,842,117.534202575684,18575.591796875,4,0.981929429667438,0.0164854325840916,0.00158513774847034,853,340,5.83188247728352,853,11.0516476560013,15.5504673523575,853,24.8333333333333
"23",2,20.5541667938232,295.507720947266,29.3696517944336,842,117.996032714844,13607.90234375,4,0.994289521271533,0.00434630880999968,0.00136416991846705,854,1377,7.2283884515736,854,6.86422096729105,9.12891779574259,854,22.551724137931
"24",2,20.7625007629395,304.781005859375,28.4588928222656,851,116.918357849121,17732.310546875,4,1,0,0,855,249,5.52146091786225,855,6.40199616348968,8.60115461346705,855,24.9310344827586
"26",2,20.6666660308838,295.337493896484,27.9648838043213,844,117.471939086914,15630.646484375,4,0.944190766108574,0.0493721461187215,0.00643708777270421,856,164,5.10594547390058,856,8.46646076117549,11.496409074484,856,26.051724137931
"27",2,20.6499996185303,291.017028808594,29.2240295410156,840,117.82413482666,14389.3837890625,4,0.921486555048199,0.0703640284119736,0.0081494165398275,857,125,4.83628190695148,857,12.5413660112461,17.1936387391848,857,25.2931034482759
"30",2,21.3125,311.054840087891,28.7208385467529,849,116.849906921387,22301.9609375,4,0.979894716813598,0.0160144605822287,0.00409082260417327,858,8,2.19722457733622,858,6.97562364224185,9.17503260313891,858,23.3103448275862
"31",2,20.6749992370605,303.49853515625,28.1144561767578,852,116.977401733398,18790.728515625,4,0.989818896888579,0.00869041200164928,0.00149069110977196,859,438,6.08449941307517,859,4.66405220646757,6.16831191468941,859,24.3859649122807
"32",2,20.0125007629395,289.011840820312,27.7958145141602,863,116.602165222168,16354.4775390625,4,0.944215400228339,0.0506786756311049,0.00510592414055563,860,198,5.29330482472449,860,15.52167537283,21.4190229790233,860,27.9827586206897
"33",2,20.2458324432373,295.661499023438,28.8441867828369,859,117.099342346191,15897.96875,4,0.995972601002093,0.00301262129764698,0.00101477770026004,861,1012,6.92067150424868,861,6.73276416193083,9.26580783847332,861,25.8965517241379
"35",2,20.8958339691162,301.552490234375,29.6341857910156,842,117.359977722168,16713.83984375,4,0.754875535119708,0.217377517044554,0.0277469478357381,862,774,6.65286302935335,862,5.9801020127794,8.06404570686236,862,23.3620689655172
"3",2,20.6416664123535,304.592376708984,29.4361133575439,863,117.704078674316,12855.158203125,2,0.959150015857913,0.0360291785601015,0.00482080558198541,863,927,6.8330317327862,863,3.60822951860066,4.64542573073815,863,26.1724137931034
"34",2,20.5166664123535,299.843383789062,27.8603897094727,858,116.593452453613,19864.306640625,4,1,0,0,864,270,5.6021188208797,864,6.27487074361938,8.39413031985348,864,25.864406779661
"36",2,21.1000003814697,309.258636474609,29.3355903625488,852,117.080795288086,18967.177734375,4,0.998604547905236,0.000539151945704228,0.000856300149059656,865,61,4.12713438504509,865,5.75905484549184,7.60203173671351,865,22.2758620689655
"37",2,21.0874996185303,296.204223632812,28.6658840179443,819,119.815452575684,10357.306640625,4,0.949002568900447,0.0424978592496274,0.00849957184992547,866,367,5.90808293816893,866,10.4846087592261,13.9795105123074,866,23.25
"25",2,20.9458332061768,307.374938964844,28.4821605682373,850,116.694290161133,20321.9765625,4,0.968004819888381,0.0281900050735667,0.00380517503805175,867,167,5.12396397940326,867,3.93695432669855,5.15820807187272,867,24.2758620689655
